Country,Year,Life expectancy ,Alcohol,percentage expenditure, BMI ,Total expenditure,GDP,Income composition of resources,Schooling
Croatia,2013,77.7,12.39,1899.107385,62.5,7.83,13574.749,0.817,14.9
Ethiopia,2007,58.5,1.06,30.46451811,14.5,4.69,243.326822,0.362,7.1
Ukraine,2002,67.6,4.89,115.738974,55.4,6.25,879.475486,0.683,13.9
Mali,2008,55.5,0.57,102.1413744,19.6,6.74,689.6784228,0.36,5.8
Ukraine,2000,67.5,4.49,7.883791474,54.8,5.59,635.789635,0.669,13.3
Switzerland,2007,81.7,10.44,11892.33429,54.1,1.21,63223.46778,0.911,15.3
Honduras,2009,73.4,3.08,286.1211446,45.9,8.84,1815.489496,0.603,11.3
Dominican Republic,2013,73.4,5.93,97.52211538,56.8,4.12,627.55544,0.709,13.2
Chile,2009,79.3,7.67,181.525923,59.9,7.39,1243.32824,0.816,15.3
Kazakhstan,2006,65.0,7.08,76.19868936,46.8,3.73,5291.57565,0.747,14.3
Morocco,2005,77.0,0.47,9.469371264,49.1,5.6,213.755559,0.569,9.8
Albania,2003,72.8,4.29,14.71928882,47.9,6.27,189.681557,0.674,10.7
Guatemala,2014,71.7,1.88,657.5282797,49.9,6.2,3687.763767,0.614,10.7
Benin,2000,55.4,1.34,37.38182018,18.4,4.34,374.1923942,0.389,6.4
Bhutan,2012,68.7,0.01,188.7373664,21.9,3.7,2422.816,0.581,12.3
Nigeria,2008,59.0,9.3,105.5910629,21.0,4.0,1383.893354,0.481,9.2
Belarus,2006,68.9,12.6,364.426052,57.2,6.34,3848.215966,0.723,14.6
Mali,2004,52.8,0.49,57.11644801,17.5,6.28,439.3572924,0.333,5.5
Algeria,2012,75.1,0.66,555.9260834,56.1,6.14,5564.82566,0.732,14.4
Israel,2004,81.0,2.23,1895.342792,6.1,7.35,19888.172,0.863,15.9
Mali,2011,56.8,0.61,101.8113996,21.3,6.59,835.88998,0.404,7.5
Afghanistan,2007,57.5,0.02,10.91015598,15.2,6.73,369.835796,0.415,8.4
Cyprus,2013,81.0,9.04,212.0859259,59.2,7.46,2797.96736,0.85,13.8
Cyprus,2012,80.0,10.55,2159.756205,58.7,7.44,28951.15556,0.85,13.8
India,2000,62.5,0.93,19.26615743,11.4,4.26,438.864634,0.489,8.3
Maldives,2011,77.3,1.92,1079.893546,23.1,8.11,6497.55443,0.663,11.8
Uruguay,2009,76.6,6.67,1871.736563,6.7,8.78,9415.17386,0.774,15.5
Iceland,2004,88.0,6.79,8506.101443,56.5,9.59,46917.27216,0.873,18.3
Zimbabwe,2004,44.3,4.36,0.0,27.1,7.13,454.366654,0.407,9.2
Timor-Leste,2004,62.3,0.38,8.415788935,13.2,1.31,467.5438297,0.484,10.2
Turkmenistan,2001,64.0,2.35,106.180706,38.1,3.87,774.4763388,0.0,10.2
Chile,2014,83.0,7.16,2352.999591,63.1,7.79,14817.37778,0.841,16.2
Kenya,2001,51.9,1.63,3.847602867,14.7,4.62,41.7763612,0.447,8.4
Maldives,2012,77.6,0.01,1259.940376,24.1,9.16,6541.7465,0.675,12.1
Lithuania,2011,72.8,12.66,1758.822757,6.5,6.86,14357.73679,0.826,16.7
Afghanistan,2005,57.3,0.02,1.388647732,14.2,8.7,25.2941299,0.396,7.9
Burkina Faso,2002,51.0,4.53,3.195566831,12.9,5.26,26.7635413,0.0,3.6
Belgium,2003,78.3,11.28,507.306164,59.4,9.3,3743.95693,0.878,18.6
Suriname,2004,68.3,4.55,4.23257668,5.4,6.88,36.48773,0.0,11.1
Namibia,2010,63.0,7.58,719.5535161,31.8,7.89,5191.58381,0.604,11.4
Bangladesh,2003,66.8,0.01,35.48458957,11.6,2.51,432.7388972,0.484,7.9
Afghanistan,2010,58.8,0.01,79.67936736,16.7,9.2,553.32894,0.448,9.2
Finland,2013,87.0,8.97,6115.496624,61.4,9.55,49638.7713,0.887,17.0
Samoa,2005,71.6,3.63,287.4671305,69.7,4.47,2571.262348,0.671,12.6
El Salvador,2005,71.0,2.77,440.6027042,49.4,7.19,2835.281237,0.644,12.7
Ireland,2012,85.0,11.49,6616.695125,6.5,8.32,49231.36254,0.895,18.5
Burundi,2008,55.3,4.33,15.99415192,15.2,7.86,196.2472628,0.319,7.9
Paraguay,2006,72.3,5.61,26.18072382,43.5,6.43,189.71539,0.648,12.1
Austria,2003,78.8,12.2,504.4308735,51.7,1.48,3212.9355,0.837,14.7
Ethiopia,2012,63.3,1.84,86.82551124,16.4,5.77,468.567249,0.422,8.4
Hungary,2014,75.6,0.01,160.9449342,64.2,7.4,14117.97668,0.834,15.8
Mauritius,2012,73.9,0.01,915.1859205,31.8,4.76,9291.227619,0.756,14.3
Benin,2013,59.5,0.01,87.4080423,24.6,4.59,915.2674586,0.466,10.3
Uzbekistan,2002,67.1,1.47,24.99438738,35.9,5.44,383.3494997,0.6,11.0
Algeria,2011,74.9,0.56,509.0020405,55.0,5.29,5432.2523,0.724,14.0
Bulgaria,2004,72.2,10.96,384.1473028,59.1,7.9,3381.57837,0.738,13.3
Argentina,2000,74.1,7.68,1349.025282,54.0,9.21,7669.273916,0.764,15.0
Jordan,2010,73.4,0.51,715.9709092,61.7,8.42,3679.19275,0.739,13.2
Liberia,2004,54.0,4.24,17.85870796,21.5,8.77,149.4452549,0.335,10.2
Cameroon,2003,51.8,4.64,67.63925302,22.3,4.97,824.8689393,0.452,8.1
Australia,2002,79.9,9.84,46.3871819,59.6,8.39,281.81763,0.902,20.1
Tunisia,2010,74.8,1.28,64.85616718,56.5,6.54,414.15177,0.71,14.4
Nigeria,2012,52.7,8.54,204.7186256,23.5,3.3,2755.297787,0.507,9.7
Romania,2003,71.1,8.78,375.1740323,52.9,5.3,2774.95586,0.722,12.5
Serbia,2004,73.0,7.42,462.7076756,53.3,8.24,3331.228766,0.72,13.1
India,2007,65.2,1.59,5.234770324,14.4,4.23,118.166373,0.546,9.9
Cabo Verde,2011,72.6,5.07,4.409153436,28.2,4.6,367.429453,0.632,13.1
Ireland,2013,81.0,10.49,703.5527332,61.3,8.1,5234.76736,0.902,18.6
Albania,2014,77.5,4.51,428.7490668,57.2,5.88,4575.763787,0.761,14.2
Brazil,2000,75.0,7.26,179.4777293,43.7,7.3,3739.11936,0.677,14.1
Cameroon,2010,55.3,6.15,100.8987451,26.0,5.28,1182.869227,0.48,9.7
Slovenia,2002,76.6,9.29,1617.473418,52.3,8.62,11814.9994,0.835,15.6
Pakistan,2012,65.7,0.04,59.65900139,23.2,2.76,1261.28967,0.529,7.6
Papua New Guinea,2008,61.4,0.81,103.7277727,43.4,4.6,1178.72469,0.469,8.9
Burundi,2006,54.1,4.5,21.24915339,14.5,11.49,165.8794176,0.29,5.9
Indonesia,2003,66.9,0.05,8.460155758,17.5,2.53,164.59447,0.613,10.8
Morocco,2002,69.5,0.46,66.72933871,46.5,5.31,1413.757176,0.54,8.8
Argentina,2003,74.1,7.62,57.58467352,55.7,8.22,333.4376,0.77,16.4
Haiti,2000,58.6,4.79,74.46033036,34.0,6.6,462.486524,0.439,7.8
Turkey,2013,75.2,1.41,188.1440348,64.5,5.38,12542.93565,0.754,14.4
Ghana,2001,57.4,1.49,25.55981288,2.1,3.56,273.6596668,0.485,8.0
Honduras,2003,71.9,3.04,194.4335736,41.2,8.29,1157.3427,0.566,10.3
Brazil,2010,73.8,7.52,1111.191325,52.0,8.27,11224.1548,0.716,13.8
Iraq,2011,77.0,0.17,285.119726,56.5,3.32,5854.614497,0.649,10.4
Finland,2008,79.6,10.26,678.88112,59.4,8.35,5341.31487,0.876,17.1
Fiji,2014,69.7,0.01,50.539484,61.9,4.49,546.3728,0.727,15.2
Costa Rica,2000,77.6,4.34,94.17819458,45.4,7.12,388.363689,0.702,11.6
Indonesia,2009,67.9,0.08,125.7980678,22.1,2.83,2254.44566,0.645,11.7
South Africa,2013,69.0,7.34,978.5905287,49.5,8.78,6876.953821,0.652,12.8
South Africa,2009,56.5,7.6,782.5987144,46.4,8.39,5888.6284,0.622,12.8
Afghanistan,2008,58.1,0.03,25.87392536,15.7,8.33,373.3611163,0.433,8.7
Kazakhstan,2011,68.5,6.63,179.170133,49.9,4.6,11634.42422,0.766,14.4
Philippines,2007,67.5,4.19,137.327474,21.1,3.94,1672.685433,0.648,11.4
Bosnia and Herzegovina,2007,75.4,5.16,8.240355867,51.5,8.37,418.292176,0.703,12.9
Zambia,2000,43.8,2.62,45.61688038,16.8,7.16,341.955625,0.418,9.6
Nepal,2010,68.0,0.24,84.62302524,16.4,6.43,592.1835216,0.515,11.1
Turkmenistan,2000,63.8,2.9,88.2436347,37.5,3.94,643.17518,0.0,0.0
Denmark,2005,78.1,11.28,7627.412444,55.0,9.77,48799.8237,0.897,16.6
Belarus,2000,68.0,12.98,24.24947846,54.4,6.13,1276.28834,0.675,13.1
Colombia,2010,73.6,4.28,113.2436346,54.2,6.76,625.65544,0.695,12.8
Armenia,2001,72.6,2.86,53.19373012,47.4,5.94,694.435119,0.644,11.1
Cambodia,2008,65.6,2.24,53.10009046,15.3,5.55,745.7877873,0.511,10.5
Hungary,2013,75.5,10.88,155.1952076,63.6,7.53,13613.6147,0.824,15.4
Slovenia,2010,79.5,10.32,3187.496219,57.0,9.7,23437.4722,0.872,16.9
Trinidad and Tobago,2004,69.4,5.82,11.85100131,36.8,5.22,129.51914,0.736,12.2
Eritrea,2011,62.9,0.62,20.97991915,16.5,3.6,582.775532,0.405,5.0
Cabo Verde,2007,72.3,5.28,345.463714,25.5,4.3,3112.285712,0.602,11.9
Luxembourg,2003,78.6,12.61,10111.38928,55.8,7.67,65445.8853,0.865,13.6
Afghanistan,2014,59.9,0.01,73.52358168,18.6,8.18,612.696514,0.476,10.0
Equatorial Guinea,2007,55.0,6.86,1024.519543,2.9,2.25,15761.83913,0.587,9.0
Papua New Guinea,2003,59.6,0.59,124.3789361,39.6,6.79,588.3582595,0.433,7.2
Poland,2012,76.8,10.81,230.040097,59.7,6.62,13145.1484,0.834,15.3
Niger,2002,51.4,0.1,17.58722718,14.3,6.55,177.828384,0.261,2.9
Madagascar,2011,63.8,0.97,78.79967196,18.5,4.24,454.963464,0.504,10.2
Angola,2009,49.1,7.01,212.9229325,19.8,4.37,3347.84485,0.48,8.5
Timor-Leste,2011,67.2,0.5,2.726570602,15.8,0.76,114.56179,0.607,12.5
Costa Rica,2013,79.4,3.42,386.1379123,58.5,9.47,1569.66631,0.762,13.7
Uruguay,2008,76.4,6.76,24.73142261,6.1,8.17,962.312164,0.77,15.7
Sierra Leone,2013,54.0,0.01,1.321464076,23.3,11.59,71.8186998,0.413,9.3
Samoa,2007,72.2,3.85,47.73638191,7.9,5.25,322.543121,0.682,12.9
Papua New Guinea,2006,68.0,0.64,126.6142137,41.9,5.92,854.346921,0.454,8.2
Jamaica,2006,74.0,3.63,194.092569,47.2,4.22,4313.1682,0.709,12.5
Turkey,2012,74.8,1.54,20.75120211,63.7,5.24,1172.3843,0.75,14.3
Iraq,2009,74.0,0.2,185.6366983,55.2,4.65,3735.144836,0.643,10.3
Guinea-Bissau,2005,53.9,3.1,22.09757984,2.1,5.72,424.9534585,0.0,8.0
Bhutan,2001,61.7,0.14,8.574029812,14.4,5.91,87.9387673,0.0,7.6
Morocco,2003,69.9,0.58,88.16506179,47.3,5.25,1721.973863,0.551,9.3
Malaysia,2001,72.7,0.53,210.2417002,27.0,3.4,3915.11546,0.725,11.9
Denmark,2007,78.4,10.99,9703.068121,55.9,9.99,58487.451,0.904,16.7
Turkey,2005,72.4,1.29,832.9552058,57.6,5.45,7384.354661,0.681,11.9
Azerbaijan,2002,67.8,0.55,39.33253687,43.1,4.47,763.73858,0.651,10.6
Sweden,2012,81.7,7.4,10947.02327,58.1,11.8,57134.777,0.903,15.8
Central African Republic,2014,58.0,0.01,53.43964323,22.1,4.2,377.132274,0.345,7.1
Bhutan,2013,69.1,0.01,19.79057439,22.7,3.83,235.882889,0.589,12.6
Cameroon,2014,56.7,0.01,61.39263642,28.4,4.1,1441.1417,0.507,10.4
Guinea,2002,52.9,0.21,21.3378184,17.3,3.76,322.811171,0.329,5.5
Russian Federation,2002,64.8,10.87,266.5416917,54.5,5.99,2375.5944,0.727,12.8
Burkina Faso,2013,59.0,4.64,88.97040214,18.2,5.91,699.452847,0.392,7.5
Greece,2007,79.4,9.67,3632.243121,61.8,9.41,28827.32636,0.855,16.4
Croatia,2008,76.0,12.06,2425.403891,59.4,7.7,15893.8656,0.8,14.3
Angola,2010,49.6,7.8,191.6537407,2.4,3.39,3529.53482,0.488,9.0
Togo,2010,57.4,1.21,41.96145465,21.4,5.37,487.9238913,0.449,11.0
Indonesia,2005,67.2,0.06,5.381782562,19.0,2.79,126.928834,0.629,11.1
Guinea,2001,52.5,0.17,19.89790929,16.9,3.65,315.83983,0.322,5.1
Serbia,2003,73.0,7.25,389.7515212,52.8,8.13,2832.49652,0.715,13.0
Namibia,2008,61.7,6.28,59.55033546,3.2,7.15,429.6561,0.589,11.3
Rwanda,2010,62.8,7.92,63.78723633,18.3,7.91,563.491487,0.454,10.0
Burkina Faso,2009,56.9,4.55,81.14304705,16.1,7.41,552.7455521,0.356,5.9
Lebanon,2009,74.7,1.62,8.140373615,63.0,7.42,84.268878,0.746,13.2
Indonesia,2000,66.3,0.06,3.43334364,15.4,1.98,78.92744,0.597,10.7
Switzerland,2004,81.0,10.55,9495.540576,52.8,1.96,53255.97631,0.895,15.1
Guatemala,2005,69.2,2.35,41.50845637,43.8,6.79,277.83438,0.567,9.6
China,2007,74.4,3.88,312.6624819,25.7,4.32,2695.366223,0.659,11.4
Cameroon,2011,55.6,6.19,83.18071241,26.6,3.96,1295.649726,0.486,10.0
Colombia,2001,71.5,4.43,404.4205858,47.5,5.96,2395.856551,0.653,11.4
South Africa,2003,54.0,6.93,519.1563781,42.2,8.26,3775.68275,0.613,12.9
Niger,2008,56.0,0.12,40.37835666,16.5,6.76,354.8185998,0.298,4.0
Sao Tome and Principe,2001,62.8,5.02,3.841228575,21.1,1.28,51.216381,0.497,9.4
Rwanda,2003,52.0,6.66,33.30286123,14.5,6.34,212.6619491,0.359,7.6
Tonga,2004,72.2,1.8,423.2953509,68.6,4.87,2284.37858,0.693,14.6
Malawi,2003,44.6,1.08,4.375316094,15.2,6.35,26.152517,0.362,10.3
Kenya,2003,52.4,1.49,35.85204668,15.5,4.45,436.6875357,0.45,8.2
Romania,2009,73.1,10.4,14.96373588,56.3,5.56,822.18329,0.795,15.4
Algeria,2001,71.4,0.23,147.9860714,45.3,3.84,1732.857979,0.644,10.9
Romania,2011,74.3,9.1,10.32588862,57.7,5.53,92.277825,0.798,15.7
Kazakhstan,2007,65.3,7.44,499.730412,47.3,3.19,6771.414797,0.754,14.7
Zambia,2003,46.4,2.33,65.78997404,17.6,8.18,429.1583434,0.443,10.2
Paraguay,2010,73.2,5.65,359.9760397,46.4,9.1,3225.591754,0.664,12.4
Belgium,2007,79.5,10.25,640.3560918,6.9,9.25,4443.83131,0.871,15.8
Iceland,2014,82.5,7.45,8254.020763,6.6,8.86,52473.11356,0.915,19.0
Guatemala,2008,79.0,2.21,472.2234994,45.9,6.65,2794.22189,0.589,10.4
Comoros,2005,60.0,0.24,69.9675435,19.2,4.32,621.93372,0.434,9.7
Sweden,2006,88.0,6.5,6369.516139,55.7,8.95,46256.4716,0.892,15.9
Luxembourg,2008,80.0,11.53,18961.3486,58.4,7.34,114293.8433,0.887,13.5
Benin,2004,56.1,1.15,10.73628066,2.1,4.56,583.493514,0.423,8.1
Malta,2010,83.0,7.91,278.0687051,67.6,8.3,2187.79469,0.819,14.6
Seychelles,2010,72.4,6.51,16.49232317,33.5,3.59,184.68447,0.74,13.2
Lesotho,2005,44.5,2.67,57.90369752,27.4,6.3,862.9463118,0.437,10.7
France,2004,82.0,13.18,5291.234786,57.0,1.53,33874.74255,0.857,15.5
Tonga,2014,73.3,0.01,565.9672173,74.8,5.18,4192.349758,0.716,14.3
Senegal,2000,57.5,0.29,5.397368532,17.5,4.63,473.45338,0.378,5.2
Rwanda,2002,57.0,7.82,1.9659778,14.1,4.18,196.59778,0.343,7.2
Niger,2010,58.2,0.12,5.883760536,17.3,6.36,348.151511,0.312,4.5
Mozambique,2014,56.7,0.01,54.91159475,22.2,6.98,623.2871141,0.409,9.1
Georgia,2009,73.2,6.66,18.5314303,51.3,1.19,276.588512,0.734,12.8
Zambia,2010,58.0,2.47,184.3649102,2.7,4.41,1463.213573,0.533,11.8
Cameroon,2007,53.6,5.44,7.562892922,24.4,4.76,111.71186,0.456,8.0
Nigeria,2005,49.2,9.71,6.416252787,19.3,4.11,87.8938738,0.463,8.9
Uruguay,2003,75.4,5.11,160.8400141,57.0,6.52,3622.52284,0.747,15.0
Chad,2011,51.6,0.56,67.76269089,17.5,3.17,989.2363633,0.37,6.7
Eritrea,2000,45.3,0.83,0.735940361,12.6,4.43,28.1969487,0.0,3.9
Colombia,2007,73.5,4.66,780.5946749,52.0,6.25,4674.21961,0.675,11.9
Serbia,2011,74.6,9.56,915.3190791,57.7,9.72,6423.291783,0.757,13.5
Cambodia,2007,65.0,2.08,57.73516711,14.8,3.75,631.675789,0.495,10.3
Philippines,2010,67.9,4.85,198.2563794,22.6,4.37,2129.499242,0.662,11.4
Togo,2006,55.7,1.37,6.226048785,19.3,5.56,377.33629,0.436,10.2
Panama,2013,77.5,6.89,1694.467075,56.3,8.9,11685.97983,0.773,12.9
Luxembourg,2009,83.0,11.42,2052.393076,58.8,8.11,13198.6693,0.888,13.5
Azerbaijan,2012,71.9,0.01,285.6103912,49.7,5.37,7496.335728,0.742,11.8
Uzbekistan,2008,67.9,2.36,13.89021225,39.3,5.92,182.28625,0.644,11.9
Spain,2012,82.0,9.35,4255.781693,64.8,9.39,28562.29324,0.871,17.2
Djibouti,2001,57.7,0.95,92.4978948,28.6,5.37,781.2322196,0.363,2.9
Liberia,2000,51.9,4.46,12.19709744,2.2,5.91,183.4149991,0.338,8.7
Algeria,2003,71.7,0.34,25.0185226,47.0,3.6,294.33556,0.663,11.5
Timor-Leste,2013,67.7,0.01,3.379874844,16.6,1.29,117.765674,0.62,12.5
Malaysia,2005,73.4,0.46,297.5913833,3.7,3.29,5593.822995,0.734,12.9
Myanmar,2004,63.5,0.44,4.15451614,15.7,1.97,219.8156688,0.455,7.8
China,2000,71.7,3.06,17.46057369,2.5,4.6,959.372181,0.583,9.5
Russian Federation,2009,68.2,11.21,137.0063357,57.0,7.44,8562.89598,0.776,14.0
Madagascar,2003,59.9,0.93,37.12894787,15.0,4.81,316.7998965,0.457,8.5
Seychelles,2012,72.7,0.01,177.2633961,34.8,4.8,12845.17363,0.755,13.5
Haiti,2010,36.3,5.76,36.2929176,44.2,8.9,662.2795182,0.47,8.6
Nicaragua,2002,75.0,3.5,2.092343893,44.2,5.71,11.147277,0.577,10.7
Hungary,2011,74.8,11.51,17.82121883,62.4,7.84,1448.87958,0.821,15.4
Samoa,2006,72.0,3.52,40.22855669,7.3,4.68,287.963899,0.677,12.7
Angola,2014,51.7,8.33,23.965612,22.7,3.31,479.31224,0.527,11.4
Ukraine,2010,69.8,8.39,375.6835376,58.5,7.81,2965.142365,0.728,14.9
Israel,2005,80.0,2.41,250.9343317,6.6,7.44,2611.17931,0.866,15.8
Brazil,2004,72.0,6.85,186.6090485,46.9,7.7,3623.47667,0.695,14.0
Panama,2001,75.5,5.43,7.320514461,46.9,7.72,446.372833,0.721,12.4
Costa Rica,2004,77.7,4.09,1043.10795,49.3,7.8,4425.57467,0.719,12.2
Luxembourg,2005,78.8,11.84,1346.246697,57.0,7.95,8289.69641,0.874,13.5
Switzerland,2012,82.7,9.86,18379.32974,56.2,11.59,83164.38795,0.932,15.7
Trinidad and Tobago,2001,69.1,4.55,516.7112481,34.4,4.4,6935.721451,0.715,11.8
Afghanistan,2006,57.3,0.03,17.17151751,14.7,7.43,272.56377,0.405,8.1
Suriname,2003,68.0,4.53,32.3662077,49.7,6.62,263.1399,0.0,10.9
Guyana,2009,66.1,7.49,466.6693698,41.6,7.32,2716.35256,0.618,10.5
Uruguay,2013,76.8,5.82,482.8039445,62.9,8.68,16881.2568,0.788,15.5
Samoa,2004,71.4,3.62,310.6117683,68.9,4.45,2351.33814,0.665,12.4
Germany,2012,86.0,11.18,839.91332,6.9,1.99,4465.24891,0.916,16.9
Burundi,2010,56.8,4.16,31.14187566,16.1,8.82,231.1943256,0.361,9.3
Mongolia,2001,63.2,2.87,61.84921903,39.1,5.45,524.145924,0.588,9.4
Bosnia and Herzegovina,2006,75.7,4.82,38.25414065,51.0,8.28,344.321698,0.697,12.7
Kazakhstan,2003,64.4,6.58,23.43400762,45.3,3.7,268.123657,0.714,13.1
Nigeria,2003,48.1,9.75,30.19550849,18.3,4.5,512.65719,0.0,8.1
Burundi,2001,51.3,6.09,10.61917585,13.0,4.96,133.7427689,0.268,4.5
Turkmenistan,2012,65.6,2.75,579.4128244,45.9,1.96,6675.262954,0.672,10.7
Chad,2000,47.6,0.25,21.52701616,13.9,6.28,166.231785,0.0,4.7
Poland,2007,75.3,10.9,14.3042452,56.6,6.28,1126.31852,0.808,15.0
Spain,2007,89.0,11.05,510.9327012,61.7,8.36,3279.414,0.849,16.0
Mozambique,2011,54.3,0.94,40.80617976,2.9,6.23,526.5313517,0.397,9.5
Tonga,2006,72.4,1.79,503.5881956,7.1,5.61,2892.522663,0.695,14.6
Swaziland,2005,46.0,5.08,372.1651473,27.8,6.8,2873.862141,0.495,9.7
Croatia,2004,75.4,13.11,1116.396502,56.9,6.56,9365.742468,0.771,13.3
Mauritius,2014,74.2,0.01,115.2784282,32.8,4.81,1153.93822,0.769,14.7
Mauritius,2009,72.8,2.83,624.2361828,3.2,4.97,7318.12641,0.734,13.8
Chad,2009,57.0,0.47,4.982900401,16.7,3.31,84.455939,0.343,6.3
Eritrea,2010,62.1,0.61,17.35739784,16.0,3.24,482.14994,0.404,5.1
Uganda,2011,59.3,10.22,94.49686776,16.7,9.9,584.3962137,0.477,10.7
Bangladesh,2013,71.0,0.01,52.82986467,17.0,2.88,951.8894535,0.565,10.0
Brazil,2008,73.4,7.21,526.3780636,5.3,8.24,8787.61375,0.704,13.3
Nicaragua,2011,74.5,3.39,321.6132593,5.9,6.39,1682.957924,0.62,11.5
Bangladesh,2001,65.8,0.01,3.395069781,1.8,2.47,42.5981152,0.468,7.5
Costa Rica,2012,79.2,3.34,2568.237059,57.5,9.56,9985.36959,0.758,13.6
Afghanistan,2001,55.3,0.01,10.5747282,12.6,7.8,117.49698,0.34,5.9
Seychelles,2000,71.8,8.24,601.7608115,27.1,4.62,7578.85153,0.0,12.3
Brazil,2003,71.8,6.95,15.85781237,46.1,6.94,359.587582,0.699,14.8
Slovenia,2007,78.3,11.02,3256.724028,55.2,7.98,23841.31792,0.865,16.8
Argentina,2002,74.1,7.81,470.1869145,55.1,8.31,2579.193168,0.776,16.3
Mauritius,2013,74.1,0.01,917.467628,32.3,4.82,9637.265,0.765,14.7
Sao Tome and Principe,2012,66.9,0.01,8.198047581,28.5,8.6,138.949959,0.553,10.8
Colombia,2006,73.1,4.53,62.43710774,51.3,6.11,379.78776,0.669,11.5
Niger,2012,63.0,0.01,29.75517982,18.1,6.11,391.515524,0.331,5.1
Syrian Arab Republic,2002,72.8,1.25,91.70356833,45.3,4.94,1263.13455,0.596,10.2
Argentina,2006,75.2,7.75,961.1774676,57.5,6.68,5878.76127,0.782,16.1
Bosnia and Herzegovina,2002,75.4,3.84,151.1399301,48.8,7.1,1761.537647,0.0,11.9
Mongolia,2002,63.8,2.43,55.60878216,39.8,5.81,571.51883,0.599,10.1
Romania,2004,71.7,9.82,431.3250367,53.4,5.43,3552.92452,0.733,12.9
Portugal,2012,83.0,11.96,331.457035,59.5,9.74,2577.4264,0.824,16.3
Gabon,2012,63.5,8.3,805.3925284,34.6,3.13,9774.18117,0.669,12.5
Uruguay,2011,77.0,5.97,417.9117441,61.8,8.55,14166.4998,0.78,15.5
Afghanistan,2012,59.5,0.01,78.1842153,17.6,8.52,669.959,0.463,9.8
Paraguay,2003,71.7,6.64,155.4233076,41.3,5.99,1174.779347,0.642,12.7
Uruguay,2010,76.3,6.21,2331.532804,61.2,8.63,11938.212,0.777,15.6
Guatemala,2001,68.4,2.53,225.0619956,41.1,6.76,1568.376276,0.546,8.5
Sri Lanka,2004,69.1,1.56,15.35342268,16.1,4.28,174.6692,0.705,12.8
Nigeria,2010,52.0,8.9,133.1230872,22.2,3.47,2327.3267,0.492,9.5
Zimbabwe,2008,48.2,3.56,20.84342867,28.6,4.96,325.678573,0.421,9.7
Thailand,2012,74.3,6.56,801.0504655,3.1,4.17,5859.915622,0.729,13.7
El Salvador,2008,71.7,2.68,53.95949877,51.4,6.21,357.347674,0.659,13.4
Dominican Republic,2014,73.6,5.92,1088.244952,57.9,4.38,6268.692122,0.712,13.2
Mauritania,2005,66.0,0.01,55.12187071,24.2,4.21,697.7451989,0.461,7.2
Equatorial Guinea,2014,57.9,0.01,13.40477417,24.0,3.8,192.59733,0.582,9.2
Namibia,2005,55.1,4.89,457.7200522,27.9,7.32,3573.146387,0.565,11.6
Fiji,2007,68.6,2.09,5.889526221,56.6,3.74,478.82327,0.698,14.2
Latvia,2004,71.0,8.81,80.0328375,56.6,6.51,6351.8125,0.776,15.5
Belarus,2007,69.8,14.22,464.077513,57.7,6.44,4735.484827,0.739,14.9
Lithuania,2014,73.4,15.19,2211.744178,61.9,6.55,16554.97139,0.841,16.5
Ghana,2005,58.9,1.5,78.71123825,22.4,4.51,498.172394,0.499,8.1
Malta,2014,81.4,8.49,409.6000248,69.2,9.75,2618.92599,0.847,14.3
Guinea-Bissau,2001,52.5,2.55,0.868708478,17.9,5.4,39.486749,0.0,6.7
India,2006,64.8,1.37,34.85942671,13.9,4.25,792.259698,0.536,9.7
Greece,2003,79.1,9.46,2124.921517,59.2,8.61,18477.57841,0.823,15.2
Fiji,2008,68.7,1.95,81.04656111,57.3,3.68,4177.657789,0.7,14.3
Myanmar,2006,64.2,0.28,4.632776304,17.0,1.78,296.97284,0.474,8.0
Serbia,2013,75.3,9.16,880.6403367,58.9,1.12,6353.826383,0.766,14.1
Belize,2004,68.7,6.2,325.6807462,43.2,4.39,3831.53819,0.691,12.5
France,2013,82.0,11.1,6646.953935,61.6,11.56,42554.1225,0.887,16.2
Fiji,2001,67.8,1.93,20.7119129,51.2,3.28,238.891729,0.683,13.2
Djibouti,2008,62.0,0.49,171.7686449,31.3,8.5,1214.77118,0.427,5.0
El Salvador,2010,72.0,2.36,469.3904193,52.8,6.91,3474.392445,0.662,12.9
Nigeria,2000,47.1,9.23,22.48177606,16.9,2.84,379.1193264,0.0,7.6
Philippines,2003,67.2,4.44,0.901149288,19.2,3.25,11.553196,0.631,11.6
Eritrea,2003,58.8,0.56,6.913998013,13.3,3.5,232.7945459,0.0,4.7
Solomon Islands,2001,66.2,0.7,325.1114746,38.7,6.44,944.81684,0.442,6.6
Vanuatu,2000,69.0,1.21,21.90075232,41.1,3.28,1469.849149,0.0,9.6
Tunisia,2007,74.6,1.24,469.6282925,53.9,5.64,3778.184171,0.695,14.3
Sweden,2000,79.6,6.2,3689.7273,52.8,8.18,29283.55,0.873,15.9
Greece,2001,78.7,8.62,1403.022211,58.0,8.47,12538.17883,0.801,14.2
Spain,2009,81.6,9.99,5047.254058,62.9,9.52,32333.4661,0.858,16.3
Vanuatu,2005,69.9,0.88,337.2942846,44.9,3.87,1886.433359,0.0,10.6
Albania,2005,73.5,5.16,26.99312143,49.9,6.12,279.142931,0.685,10.8
Mongolia,2003,64.0,1.31,56.05686428,4.5,6.18,646.561295,0.609,10.5
Finland,2007,79.3,10.45,6147.1323,59.0,8.9,48288.5491,0.873,17.2
Lesotho,2006,45.3,2.61,71.15577609,27.9,7.12,915.775754,0.437,10.7
Bangladesh,2011,73.0,0.01,62.34988484,15.8,3.16,835.789341,0.545,9.4
Tajikistan,2010,67.3,0.32,43.34099958,36.6,6.4,738.3475227,0.603,11.1
Zambia,2012,59.2,2.59,196.9152496,21.7,4.91,1734.93612,0.554,12.3
Myanmar,2012,65.9,0.55,38.4279083,21.3,2.22,1171.58257,0.533,9.1
Switzerland,2013,83.0,9.73,19099.04506,56.6,11.71,84658.88768,0.934,15.8
Hungary,2009,74.2,11.46,1281.155944,61.1,7.55,12967.16543,0.816,15.3
Montenegro,2007,74.2,4.98,678.5188944,57.2,6.74,5957.145693,0.762,13.6
Hungary,2012,75.0,11.27,164.2793407,63.0,7.74,12834.32349,0.823,15.4
Uganda,2010,58.4,10.03,116.202964,16.3,11.2,594.9972557,0.473,10.9
Argentina,2001,74.0,7.76,123.0128671,54.6,9.38,717.694674,0.771,15.6
Ecuador,2004,74.4,3.65,16.37920405,46.5,6.22,278.557892,0.682,12.7
Rwanda,2011,63.8,8.34,9.074569426,18.9,7.71,617.317648,0.464,10.2
Bangladesh,2006,68.2,0.01,42.3304549,13.0,2.8,494.51466,0.506,8.4
Italy,2005,88.0,8.65,4506.255963,58.2,8.71,31959.26215,0.851,15.8
Central African Republic,2002,45.6,1.47,31.5941587,17.2,4.16,253.768343,0.315,5.4
Thailand,2007,73.3,6.2,520.7639087,24.6,3.56,3972.26475,0.687,12.3
Tajikistan,2001,64.0,0.86,1.142003812,31.6,4.59,17.8159721,0.535,9.7
Montenegro,2010,75.3,6.56,635.4849381,59.1,6.9,6682.281158,0.787,15.0
Dominican Republic,2000,72.0,6.58,44.79247812,43.1,5.9,282.4242,0.651,12.2
Trinidad and Tobago,2000,69.1,4.68,43.59522964,33.6,4.17,643.947262,0.709,11.7
Japan,2014,83.5,0.01,88.83362243,28.6,1.23,3896.21151,0.899,15.3
Kiribati,2007,65.0,0.68,188.7108773,73.4,13.66,1357.632211,0.574,11.8
Paraguay,2000,79.0,6.78,273.5758769,39.1,8.1,1545.626423,0.625,11.6
Turkmenistan,2008,64.5,2.4,34.23979419,42.7,1.93,394.467675,0.0,10.5
Lesotho,2011,52.3,2.39,195.825251,3.2,11.79,1352.38433,0.469,11.0
Ireland,2014,81.2,10.75,746.3670453,62.1,7.78,5553.32623,0.91,18.6
Sri Lanka,2000,71.5,1.45,60.4909815,14.1,3.77,875.412178,0.677,12.4
Hungary,2002,72.5,13.29,8.98619805,57.1,7.47,665.6443,0.775,14.6
Kenya,2012,62.1,1.81,154.2269697,2.1,5.49,1155.2582,0.536,11.1
Italy,2000,79.4,9.78,31.50582204,55.0,7.91,251.2426,0.823,14.8
Uruguay,2006,76.2,6.58,1712.225506,58.9,11.17,5877.87678,0.756,15.2
Botswana,2011,62.2,5.76,668.9562854,35.7,5.25,7645.21469,0.678,12.4
Guatemala,2004,69.6,2.4,288.4016258,43.1,6.77,1872.73783,0.564,9.3
Denmark,2012,80.0,9.26,928.4170785,57.7,1.98,5857.521,0.922,18.4
China,2012,75.4,5.74,94.4344566,3.0,5.26,6337.882993,0.703,12.4
Fiji,2009,68.9,2.31,60.65068446,58.0,4.26,3369.48247,0.704,14.5
Jordan,2001,71.9,0.55,248.697463,54.8,9.9,1728.2659,0.706,12.7
Peru,2006,74.2,4.22,448.7670462,49.5,4.47,3171.49856,0.693,13.0
Central African Republic,2001,45.6,1.52,33.65315697,16.8,3.95,243.1586486,0.314,5.3
Belize,2000,68.3,4.79,219.0239836,4.8,3.98,3364.423711,0.668,11.7
Cambodia,2013,67.8,0.01,8.758214538,18.2,5.93,128.419568,0.546,10.8
Botswana,2012,63.4,0.01,12.83447357,36.2,6.27,729.231453,0.687,12.5
Malawi,2006,47.1,1.18,6.847033785,16.2,8.99,297.6971211,0.377,9.6
Guyana,2011,65.6,7.56,536.2332523,43.2,6.8,3439.597513,0.624,10.3
Ireland,2000,76.4,14.07,3794.581463,51.5,6.3,26241.91883,0.848,16.2
Panama,2002,75.7,5.52,78.80940216,47.8,8.3,4126.14671,0.725,12.6
Romania,2014,74.8,0.01,1.576409172,59.9,5.57,12.27733,0.797,14.7
Sri Lanka,2001,72.7,1.68,53.61278637,14.6,3.81,837.699787,0.686,12.5
Panama,2005,75.8,5.53,623.9100503,5.3,7.48,4916.54886,0.74,12.9
Georgia,2002,71.7,2.72,60.55818291,47.0,8.72,779.3845935,0.677,11.8
Costa Rica,2003,78.0,4.04,1070.268999,48.3,8.45,4167.71417,0.715,12.1
Panama,2011,77.3,6.9,119.2124275,54.9,7.5,927.723171,0.758,12.9
Malta,2001,77.8,5.62,130.0150391,62.8,7.11,1121.78636,0.783,13.7
Algeria,2000,71.3,0.25,154.4559436,44.4,3.49,1757.17797,0.636,10.7
Denmark,2013,81.0,9.5,10261.763,58.1,11.25,61191.19263,0.924,18.7
Mozambique,2009,53.8,1.18,39.75216936,2.1,5.43,463.852618,0.382,9.2
Portugal,2008,79.0,12.35,3652.869332,56.5,9.9,24815.6884,0.804,15.8
Chad,2012,51.8,0.62,57.8242709,17.9,3.0,973.472574,0.381,7.3
Dominican Republic,2003,73.0,6.32,293.0196601,46.1,5.53,2372.628827,0.665,12.4
Tunisia,2005,74.2,1.37,379.5139945,52.2,5.57,3194.562243,0.683,13.9
Mali,2007,55.0,0.55,81.8405007,19.0,6.97,595.6368319,0.363,6.4
Poland,2000,73.7,8.4,412.4323974,53.1,5.5,4492.72764,0.777,14.6
Tonga,2000,71.6,1.24,40.49128897,65.5,4.75,263.27236,0.676,13.7
Spain,2010,81.9,9.78,578.7417172,63.5,9.56,3736.228,0.86,16.4
Israel,2010,81.7,2.63,409.4109292,63.0,7.36,3661.994,0.878,15.7
Iceland,2010,81.8,8.25,6005.575763,58.9,8.86,41676.44527,0.894,18.4
Lesotho,2010,51.1,2.71,154.8705998,29.7,1.87,1173.26212,0.464,10.9
Colombia,2013,74.4,4.41,15.16255482,56.4,6.84,83.5863,0.712,13.3
Mongolia,2013,68.1,0.01,241.1958645,5.4,4.21,4385.379355,0.72,14.7
Senegal,2002,58.4,0.36,49.73511396,18.3,5.6,513.26227,0.397,5.7
Germany,2010,81.0,11.2,7584.078579,59.9,11.25,41785.55691,0.907,16.7
Netherlands,2011,81.1,8.96,1047.370244,59.9,1.53,5354.6536,0.911,17.2
Georgia,2003,72.7,3.36,70.54185252,47.5,8.49,928.18227,0.684,11.8
Latvia,2001,69.9,6.68,332.2751709,55.7,6.17,3572.8513,0.728,14.2
Denmark,2011,79.7,10.47,10251.10872,57.4,1.87,61753.667,0.91,16.9
Tajikistan,2013,69.3,0.01,1.0419164,39.0,6.75,14.214412,0.617,11.2
Dominican Republic,2002,71.4,6.43,4.67359227,45.1,5.79,38.46578,0.66,12.3
Zimbabwe,2011,54.9,6.0,63.75053034,29.9,6.31,839.927936,0.452,10.1
Australia,2003,83.0,9.97,3829.550928,6.3,8.32,23465.38559,0.905,20.6
South Africa,2000,57.3,7.3,45.96380839,4.1,8.7,337.2253,0.635,13.0
Zambia,2006,58.0,2.25,1.860003739,18.8,6.11,13.154199,0.479,10.9
Zimbabwe,2014,59.2,6.5,10.82259524,31.3,6.44,127.47462,0.498,10.3
Rwanda,2009,61.0,7.11,9.165614959,17.7,7.2,539.1538211,0.447,10.2
Indonesia,2002,66.7,0.05,43.17867291,16.7,2.27,899.5556857,0.608,10.6
Lebanon,2001,73.0,2.19,510.6035166,58.6,1.9,5253.122599,0.0,15.0
Solomon Islands,2008,68.0,1.09,19.74929219,44.7,5.97,125.79167,0.489,9.2
Lithuania,2008,71.1,13.3,1888.149904,59.3,6.61,14961.56818,0.82,16.5
Haiti,2013,62.7,5.68,4.989712322,47.7,8.1,81.265673,0.483,9.1
Mali,2002,51.2,0.53,3.67646576,16.5,6.32,334.22416,0.308,4.9
Canada,2006,85.0,8.2,771.1817686,61.9,9.75,4386.69948,0.891,15.8
Pakistan,2011,65.5,0.04,57.87736282,22.5,3.1,1226.215314,0.525,7.5
Iceland,2009,81.6,10.22,687.5776358,58.5,9.12,4461.89251,0.894,18.4
Rwanda,2000,48.3,7.13,18.41791804,13.2,4.22,216.172747,0.318,6.6
Armenia,2004,73.0,3.81,97.74087744,48.4,5.5,1191.96192,0.668,10.9
Mozambique,2000,49.0,1.14,47.17250718,16.5,6.16,277.6486591,0.291,5.4
Uruguay,2000,75.1,6.65,645.9583816,55.0,7.82,6871.897677,0.738,14.0
Djibouti,2005,58.6,1.23,12.70325933,3.2,7.21,94.7297489,0.396,4.0
Zambia,2002,45.5,2.44,54.04348047,17.3,6.93,377.135244,0.433,10.0
Solomon Islands,2012,68.7,0.01,247.9492284,48.1,5.48,1858.689868,0.505,9.4
Montenegro,2006,73.8,5.38,595.7306923,56.5,8.1,4383.59597,0.751,13.2
Guyana,2002,65.3,7.73,10.9363388,37.1,5.84,96.8674827,0.609,11.0
Malaysia,2013,74.6,0.53,110.6779711,38.5,4.2,1882.27842,0.779,12.9
Peru,2009,73.8,4.69,570.4532468,51.5,5.36,4166.93387,0.706,13.3
Angola,2006,47.7,5.84,25.08688824,18.2,4.54,262.415149,0.439,7.2
Gabon,2013,64.6,8.86,154.8758879,35.2,3.98,9679.742995,0.678,12.5
Paraguay,2005,72.1,6.38,20.68037294,42.8,6.7,157.145691,0.646,12.3
Mali,2012,57.2,0.01,96.5465827,21.9,6.47,777.3476868,0.411,7.7
Madagascar,2010,63.3,1.03,76.60442169,18.0,4.86,412.739341,0.503,10.2
Indonesia,2007,67.5,0.06,102.633435,2.5,3.1,1855.93915,0.638,11.0
Philippines,2011,68.0,4.96,191.4949779,23.1,4.29,2352.518156,0.669,11.5
Slovenia,2006,78.1,12.26,2724.17807,54.7,8.42,19726.1265,0.858,16.7
Albania,2008,75.3,5.61,36.62206845,52.6,5.87,437.539647,0.713,12.0
South Africa,2014,62.0,7.38,922.0507313,5.3,8.8,6479.625659,0.66,13.0
Tunisia,2001,73.2,1.19,257.2878697,48.9,5.29,2254.933126,0.654,13.1
Nepal,2002,63.1,0.19,23.18394594,12.4,5.6,246.375621,0.447,8.6
Bangladesh,2005,67.8,0.01,38.05462002,12.5,2.68,484.155471,0.499,8.2
Fiji,2003,68.0,1.76,253.8196705,53.2,3.35,2835.973972,0.689,13.3
Liberia,2012,67.0,0.01,48.09891474,25.6,1.19,415.361958,0.416,9.6
Georgia,2005,73.9,4.7,9.444875415,48.6,8.6,153.57521,0.703,12.2
Sao Tome and Principe,2007,65.1,4.14,49.93698173,24.7,7.44,894.927988,0.527,10.3
India,2010,66.4,2.77,57.73359864,15.9,4.28,1345.77153,0.569,10.4
Armenia,2000,72.0,2.9,32.75626853,47.1,6.25,622.7427477,0.639,11.2
Lesotho,2001,47.8,2.86,38.57187011,25.4,7.53,437.819184,0.443,10.3
Japan,2001,81.5,8.03,5486.51208,22.5,7.75,33846.46564,0.856,14.6
Djibouti,2014,63.0,0.38,24.73299655,34.4,1.57,174.91511,0.467,6.3
Guyana,2013,65.9,7.56,345.9044258,45.0,5.1,3944.178173,0.633,10.3
Sweden,2001,79.8,6.6,3554.546434,53.4,8.86,26969.24457,0.877,15.9
Nicaragua,2007,72.5,3.83,253.0007812,47.9,6.91,1344.31871,0.601,11.0
Cambodia,2005,62.9,1.99,62.21817261,13.9,5.84,474.2238766,0.47,10.0
Jamaica,2009,74.7,3.33,235.7067417,49.7,5.16,4293.383274,0.721,12.7
Malawi,2010,52.9,1.08,9.728005297,17.6,1.5,458.8681744,0.43,10.2
Namibia,2000,57.4,5.73,35.80978512,24.5,6.11,257.99557,0.559,11.5
Mozambique,2005,58.0,1.23,67.33378735,18.5,6.87,369.1545359,0.341,7.3
Turkmenistan,2002,63.3,2.33,130.3784829,38.7,3.34,967.917468,0.0,10.2
Belize,2011,69.4,6.64,605.6286892,47.8,5.61,4516.24675,0.7,12.4
Slovenia,2001,76.2,10.8,196.3026243,51.8,8.57,1479.29634,0.824,14.7
Argentina,2011,75.7,8.11,1504.329462,6.4,5.89,12726.9836,0.816,17.1
Belgium,2008,79.5,10.47,7191.051507,61.3,9.6,48424.58927,0.874,15.8
Greece,2011,85.0,8.02,3192.887363,64.3,9.77,25916.29353,0.86,16.7
Swaziland,2000,48.4,7.19,25.21683318,25.9,5.26,1637.4567,0.516,9.4
Guatemala,2000,67.7,2.63,238.7369808,4.4,5.25,1655.596261,0.539,8.2
Lebanon,2003,73.5,2.19,527.9176618,59.7,9.3,5425.6697,0.0,14.8
Malawi,2002,44.0,1.1,3.885394742,14.8,4.82,29.9798977,0.388,10.4
Botswana,2004,48.1,4.9,469.5823898,32.2,5.56,4896.583835,0.58,11.8
Mexico,2011,76.1,5.3,1117.196097,6.8,6.4,9834.472689,0.745,12.6
Denmark,2010,79.2,10.28,954.4865933,57.0,11.8,5841.41122,0.906,16.8
Sri Lanka,2011,74.5,3.03,20.83302367,2.5,3.28,322.992615,0.746,13.6
Romania,2000,77.0,10.16,152.6368899,51.4,4.33,1668.162731,0.703,11.5
Cabo Verde,2000,69.9,3.49,122.5744699,21.5,4.81,1239.377855,0.0,11.3
Austria,2000,78.1,13.2,3557.455507,5.1,1.6,24517.26745,0.833,15.4
Sweden,2013,81.9,7.3,1212.666327,58.5,11.97,6283.24522,0.904,15.8
Uganda,2003,51.0,10.16,4.426792406,13.9,7.54,237.9995917,0.418,11.5
Gabon,2004,59.7,8.13,443.4750634,3.3,3.26,5685.577736,0.64,12.3
Zambia,2014,61.1,0.01,196.6675768,22.8,4.99,1738.8822,0.57,12.5
Gabon,2002,59.7,8.34,22.69039905,29.2,3.22,412.55271,0.636,12.3
Armenia,2010,73.5,4.23,224.3212014,51.2,4.56,3218.381655,0.72,12.3
Mexico,2007,76.0,5.35,105.7476131,57.9,5.92,933.341687,0.731,12.3
Uruguay,2004,75.4,5.66,882.356362,57.7,11.59,4117.38853,0.75,15.5
Netherlands,2013,81.4,8.68,1475.030397,61.0,11.4,51574.48942,0.922,18.1
Seychelles,2004,72.1,7.91,12.94324581,29.2,4.17,1176.65871,0.715,12.3
Switzerland,2010,82.3,10.01,2198.590865,55.4,11.7,74276.71842,0.92,15.4
Lithuania,2009,72.2,12.4,1446.529217,59.7,7.53,11837.3913,0.825,16.6
Portugal,2006,78.5,13.11,2884.020194,54.9,9.67,19821.44463,0.793,15.4
Haiti,2011,62.3,5.68,4.106484317,45.3,1.41,74.9358452,0.47,8.7
Namibia,2009,62.4,7.99,575.6748069,31.0,8.5,4153.497885,0.598,11.4
Trinidad and Tobago,2007,69.7,6.37,136.8836683,39.3,4.82,1653.1844,0.76,12.4
India,2009,66.0,2.5,0.844186331,15.4,4.38,19.317765,0.563,10.5
Sri Lanka,2007,73.7,2.29,127.6377505,17.9,3.76,1644.816372,0.725,13.2
Botswana,2007,56.9,6.21,512.5887995,33.7,4.71,5714.47937,0.63,12.1
Ghana,2004,58.3,1.46,53.23775977,21.8,3.96,423.1936389,0.491,7.7
Slovenia,2009,79.1,10.52,3505.389434,56.4,9.38,24633.79785,0.873,16.9
France,2009,81.1,11.8,6415.35735,59.6,11.28,41631.13141,0.879,16.0
Myanmar,2009,65.2,0.28,11.05247903,19.1,2.5,741.777116,0.504,8.5
Guinea-Bissau,2007,55.0,2.98,31.06932595,21.3,6.1,481.694976,0.394,8.8
Germany,2008,79.9,11.36,8285.264655,59.0,1.39,45699.19832,0.903,16.6
France,2002,79.2,13.78,3779.655273,55.8,1.22,24275.2426,0.851,15.5
Zambia,2004,47.9,2.46,8.369851529,18.0,7.33,53.2772217,0.456,10.5
Denmark,2008,78.8,10.7,10761.18209,56.3,1.18,64322.6664,0.906,16.8
Honduras,2014,74.5,2.87,345.3776344,5.2,8.72,2242.711912,0.618,11.4
Malawi,2005,46.0,1.04,5.670640102,15.9,8.2,28.3673842,0.371,9.7
China,2001,72.2,2.84,14.23064496,21.2,4.56,153.1824,0.592,9.6
Tajikistan,2012,68.8,0.01,71.50892145,38.2,6.39,954.725253,0.613,11.1
Trinidad and Tobago,2003,69.3,5.53,78.72216127,36.0,5.13,884.518666,0.729,12.0
Uzbekistan,2003,67.2,1.54,28.52135777,36.4,5.17,396.129969,0.607,11.3
Uzbekistan,2006,67.6,1.96,77.27092119,38.1,5.49,654.2838373,0.626,11.8
Indonesia,2004,65.3,0.06,55.36107207,18.2,2.37,1148.56996,0.624,11.0
Slovenia,2011,79.8,10.61,3343.026219,57.6,9.8,24985.24827,0.876,17.0
Panama,2003,75.5,5.52,58.45976019,48.6,7.6,4267.13578,0.728,12.8
Finland,2002,78.1,9.25,3099.357319,56.6,7.81,26834.2625,0.863,18.0
Papua New Guinea,2000,58.9,0.73,62.56273841,37.5,3.98,631.9468526,0.418,6.2
Italy,2004,89.0,8.98,4270.914882,57.6,8.49,31174.56118,0.846,15.6
Azerbaijan,2005,68.4,0.73,81.28883085,44.7,7.86,1578.4239,0.675,11.2
Kenya,2010,63.0,1.73,56.58984221,18.9,3.97,967.34773,0.523,11.1
Uzbekistan,2010,68.3,2.73,119.4571154,4.7,5.34,1377.8214,0.657,11.9
Burkina Faso,2006,54.3,4.73,64.24025208,14.6,6.58,422.6332374,0.325,4.7
Maldives,2004,73.4,1.6,611.9093566,17.3,5.89,3853.33348,0.617,12.2
Swaziland,2011,55.0,5.2,735.7090978,3.2,8.61,3934.27325,0.526,11.2
Guinea,2005,54.7,0.21,1.099665984,18.5,2.82,33.424498,0.346,6.6
Peru,2002,72.6,4.03,40.53777863,46.7,4.94,259.192958,0.686,13.9
Guinea,2014,58.1,0.01,50.57976483,22.7,5.64,561.997387,0.412,8.6
Cyprus,2009,79.3,10.8,230.2524184,57.3,7.4,3215.8159,0.849,14.1
Dominican Republic,2009,73.6,6.05,587.8828228,52.6,4.41,4952.67753,0.695,12.9
Samoa,2013,73.6,0.01,698.3522786,73.8,6.91,4219.65123,0.7,12.9
Samoa,2000,72.0,3.0,21.2543002,65.6,5.31,154.68923,0.64,12.1
Italy,2012,82.0,7.49,4793.904924,62.1,9.28,34814.12436,0.877,16.6
Jamaica,2010,75.0,3.55,396.6270975,5.5,5.3,4682.728424,0.721,12.7
Sao Tome and Principe,2008,65.4,4.36,62.8565863,25.4,5.66,1126.46212,0.531,10.4
Nicaragua,2000,73.0,3.61,15.25518816,42.8,5.39,116.2743,0.562,10.1
Seychelles,2008,72.2,6.33,701.8526364,31.8,2.64,11122.8627,0.739,13.2
Equatorial Guinea,2008,55.4,8.34,1705.678619,21.3,2.31,22742.38159,0.592,9.1
South Africa,2008,55.3,8.19,780.0336423,45.7,7.75,5786.59972,0.616,12.9
Benin,2011,59.1,1.4,110.2633619,23.5,5.37,825.9427854,0.454,9.8
Vanuatu,2014,71.7,0.01,564.8167043,52.5,5.2,3148.36513,0.596,10.8
Iraq,2007,65.9,0.14,146.7606488,53.8,3.69,3129.224922,0.636,10.2
Paraguay,2002,71.5,5.66,152.8293973,4.6,6.77,1148.229882,0.632,12.2
Timor-Leste,2008,66.2,0.06,36.69198927,14.7,0.74,643.71911,0.566,11.7
Kenya,2008,57.9,1.71,60.5153506,17.9,3.9,916.8992515,0.506,10.4
Togo,2014,59.7,0.01,4.877350139,23.7,5.25,62.1318489,0.475,12.0
Spain,2013,82.4,9.25,423.680459,65.4,9.1,2921.9342,0.874,17.5
Zambia,2001,44.6,2.61,46.83027463,17.1,6.56,378.2736238,0.424,9.8
Norway,2014,81.6,6.06,177.6382878,6.8,9.72,975.49856,0.945,17.7
Israel,2003,79.7,2.32,1731.755747,59.6,7.44,18946.99942,0.863,16.0
Morocco,2011,73.3,0.54,22.0945504,54.6,5.99,339.91616,0.612,11.2
Montenegro,2014,75.9,0.01,726.0291764,61.3,6.42,7378.345289,0.803,15.1
Nigeria,2006,49.8,9.66,10.35779424,19.9,3.66,119.743286,0.466,9.0
Belgium,2000,77.6,11.21,287.2084529,58.1,8.12,2327.4591,0.869,18.0
Japan,2009,83.0,7.09,899.1785285,26.4,9.51,4855.17564,0.881,15.0
Myanmar,2010,65.4,0.3,17.48293752,19.8,1.92,987.7365832,0.515,8.8
Portugal,2002,77.2,12.0,1904.00231,51.7,9.15,12882.28897,0.788,15.9
Ecuador,2003,74.4,3.69,18.26183281,45.8,6.46,244.46898,0.679,12.6
Madagascar,2001,58.7,1.05,42.56331585,14.3,5.17,278.555732,0.456,8.2
Swaziland,2003,45.9,5.65,2.819124474,27.1,5.71,22.99449,0.493,9.1
Brazil,2011,74.1,7.58,1084.999766,52.8,8.9,13167.47289,0.724,14.0
Thailand,2001,71.2,5.92,176.0625201,19.4,3.32,1893.145377,0.649,11.2
Bhutan,2000,62.0,0.17,93.35872844,13.9,6.91,765.8632358,0.0,7.3
Switzerland,2001,82.0,11.12,6478.346135,51.3,1.28,38538.64447,0.888,15.2
Indonesia,2008,67.7,0.07,10.26341108,21.3,2.81,216.52766,0.641,11.7
Tunisia,2009,74.7,1.4,585.6307861,55.6,6.18,4129.977335,0.706,14.4
Turkey,2002,71.2,1.47,35.55729,55.1,5.36,366.57,0.658,11.5
Fiji,2004,68.1,1.63,43.99452464,54.2,3.61,3332.918533,0.691,13.4
Poland,2009,75.7,10.7,1299.159757,57.8,7.12,11527.59323,0.818,15.1
Lithuania,2001,71.2,10.2,42.87208671,57.2,6.26,353.147337,0.757,14.7
Algeria,2009,74.4,0.5,352.0636419,52.8,5.36,3868.83123,0.705,13.1
Honduras,2005,72.5,3.23,203.7134882,42.8,7.81,1311.741714,0.577,10.6
Mauritania,2009,61.7,0.01,11.14504291,26.8,3.79,146.83851,0.476,7.1
Liberia,2007,57.9,4.03,3.686899287,22.9,1.24,21.3733292,0.383,9.9
Turkey,2010,74.2,1.49,32.78235828,61.9,5.61,1672.5693,0.715,13.0
Angola,2004,47.1,3.53,8.8667775,17.2,4.71,141.86844,0.415,6.4
Nepal,2008,67.0,0.21,70.27113179,15.4,6.44,473.844449,0.492,10.1
Cambodia,2011,67.0,2.12,60.18591771,17.0,5.64,882.491462,0.533,10.7
Philippines,2009,68.0,4.42,159.5348489,22.1,4.41,1825.341521,0.661,11.7
Djibouti,2013,62.7,0.53,229.4410095,33.8,9.14,1622.637974,0.464,6.3
Peru,2005,72.8,4.44,411.5645653,48.8,4.72,2754.7829,0.692,13.0
Canada,2009,81.0,8.4,864.94993,63.6,11.17,4773.45436,0.898,15.9
Senegal,2011,64.9,0.32,1.431051664,22.2,4.42,18.25321,0.455,7.9
Netherlands,2005,79.4,9.69,6577.508136,55.8,9.6,41577.169,0.888,16.4
Uganda,2001,47.7,10.57,26.97625217,13.3,7.26,234.984775,0.396,10.8
Romania,2007,72.9,10.6,919.1673438,55.0,5.21,8214.185378,0.766,14.1
Liberia,2014,58.1,0.01,54.37396957,26.7,1.4,458.4651734,0.426,9.9
Maldives,2007,75.4,1.78,6.491488598,19.5,6.64,52.862285,0.632,11.9
Maldives,2003,72.7,1.75,491.4978908,16.7,5.9,3432.247841,0.601,11.8
Costa Rica,2010,78.1,3.58,2377.010299,55.5,9.66,8199.414621,0.749,13.3
Nepal,2006,66.0,0.2,45.87989927,14.4,5.7,348.6314534,0.476,9.6
Belarus,2001,67.7,10.74,14.06141699,54.9,6.62,1244.373185,0.681,13.3
Comoros,2013,62.9,0.01,61.57443584,23.2,6.51,834.341949,0.49,10.9
Uruguay,2002,75.4,5.86,27.46880965,56.3,7.18,488.768855,0.746,14.7
Bulgaria,2008,72.9,10.98,107.9826127,61.5,6.61,7296.122479,0.761,13.8
Myanmar,2014,66.4,0.01,45.33788677,22.9,2.28,1262.893782,0.547,9.1
Lithuania,2002,71.4,11.0,561.9168642,57.5,6.4,4146.987928,0.77,15.3
Belgium,2014,89.0,12.6,7163.348923,63.4,1.59,47439.39684,0.89,16.3
Canada,2013,81.8,8.2,9733.228019,65.8,1.67,52413.72116,0.909,15.9
Cambodia,2009,66.1,2.13,48.35423978,15.9,6.36,738.2326684,0.52,10.5
Estonia,2001,78.0,0.01,88.62945822,54.3,4.85,4498.95727,0.781,15.0
Philippines,2012,68.1,5.02,212.7418488,23.7,4.46,2581.818554,0.666,11.6
Haiti,2009,62.5,5.85,41.30079452,43.0,6.68,668.297646,0.466,8.5
Kiribati,2005,64.9,0.6,111.7392134,72.1,1.6,1214.556667,0.0,12.2
Argentina,2007,74.8,8.16,1105.659031,58.0,6.49,7193.61764,0.788,16.3
Samoa,2003,79.0,4.17,24.99717134,68.2,4.71,197.29417,0.659,12.3
Ghana,2009,66.0,1.76,30.72290501,24.9,5.17,186.76538,0.542,10.4
Haiti,2003,59.7,6.64,44.25687135,36.5,5.32,329.782946,0.447,8.1
Thailand,2000,71.1,5.88,0.27564826,18.7,3.4,27.564826,0.64,10.9
Chile,2005,78.4,7.57,954.9644887,57.4,6.69,7615.3468,0.79,14.6
India,2013,67.6,3.11,67.67230438,17.5,4.53,1452.195373,0.599,11.5
Gabon,2001,59.8,9.29,183.6980778,28.7,3.23,3976.14887,0.633,12.3
Vanuatu,2006,71.0,1.0,43.19780767,45.7,3.96,247.97823,0.572,10.6
South Africa,2004,53.7,6.96,622.043809,42.9,7.93,4863.51688,0.611,12.9
Uzbekistan,2007,67.8,2.15,9.290983645,38.7,5.81,83.476942,0.631,11.8
Belize,2003,68.4,5.67,312.7995946,42.6,4.53,3679.99523,0.684,12.2
Myanmar,2011,65.6,0.33,21.23698847,2.5,1.87,1186.423937,0.526,9.1
Tajikistan,2014,69.6,0.01,7.829008596,39.9,6.88,114.45919,0.622,11.3
Austria,2008,84.0,12.0,8329.731655,54.2,1.6,51386.37665,0.864,15.1
Malaysia,2006,73.6,0.42,365.9113978,31.6,3.65,6222.982955,0.732,12.7
China,2006,74.2,3.28,29.74342979,24.9,4.52,299.229676,0.646,11.0
Canada,2008,87.0,8.3,8433.936814,63.0,1.3,46596.33599,0.897,15.8
Liberia,2005,55.3,4.19,22.39648813,22.0,8.4,168.648254,0.372,10.1
Montenegro,2013,75.8,0.01,707.144691,6.7,6.43,7186.429787,0.799,15.1
Serbia,2009,74.1,9.85,820.8109098,56.4,9.9,5821.35397,0.754,13.6
Cabo Verde,2012,72.7,0.01,33.55888998,29.0,4.61,348.482762,0.636,13.2
Albania,2006,74.2,5.31,3.3021542,5.8,5.86,35.1293,0.696,11.4
Colombia,2014,74.6,4.38,1435.487755,57.2,7.2,7913.383432,0.72,13.6
Germany,2013,86.0,10.94,895.8779503,61.4,11.16,4653.91143,0.919,16.9
Algeria,2008,74.1,0.46,43.08717334,51.8,4.2,495.254866,0.697,12.6
Haiti,2012,62.3,5.68,26.37942542,46.5,9.88,766.8437623,0.477,8.9
Niger,2011,59.4,0.15,32.22493445,17.7,6.66,375.5819866,0.323,4.8
Bulgaria,2000,71.1,9.69,15.2357274,57.0,6.7,169.28586,0.709,12.9
Vanuatu,2011,71.2,0.85,457.9731742,49.9,3.85,3275.91684,0.591,10.8
China,2014,75.8,5.78,109.8743903,31.9,5.55,7683.5238,0.723,13.1
India,2012,67.3,3.1,64.96964491,17.0,4.39,1446.98541,0.59,11.3
Russian Federation,2000,65.0,10.18,224.4600248,54.0,5.42,1771.58662,0.709,12.1
Serbia,2007,73.8,9.3,772.8700353,55.1,1.2,5458.121718,0.743,13.5
Fiji,2010,69.1,2.25,62.08343533,58.7,4.23,3651.966784,0.706,14.6
Estonia,2008,74.2,16.99,225.0723618,56.7,6.6,1894.5485,0.835,16.1
Hungary,2006,73.4,13.16,1299.459306,59.3,8.1,11398.76584,0.802,15.2
Samoa,2011,73.0,2.15,558.7206486,72.9,5.8,3942.9827,0.693,12.9
Nicaragua,2010,73.2,3.38,302.7045411,5.2,6.58,1526.497938,0.614,11.4
Morocco,2000,68.6,0.45,63.42140024,44.8,4.18,1332.382358,0.519,8.0
Kiribati,2008,65.1,0.46,167.6201552,74.1,12.23,1413.3234,0.572,11.6
Solomon Islands,2004,67.1,1.18,195.5259417,41.3,5.64,818.442619,0.459,8.1
Germany,2001,78.3,12.46,4057.637383,55.6,1.15,23687.31689,0.86,16.2
Sri Lanka,2006,73.8,1.96,120.2471713,17.2,4.6,1448.7611,0.718,13.1
Bulgaria,2001,71.6,10.72,25.06262895,57.5,7.23,1764.97387,0.713,12.9
Namibia,2006,57.0,4.94,459.1572399,28.7,7.2,3881.29535,0.57,11.4
Philippines,2005,67.0,4.22,105.7306982,2.1,3.91,1194.697155,0.642,11.6
Comoros,2003,59.6,0.26,45.09010835,18.4,3.65,544.566526,0.0,9.2
Jamaica,2004,73.3,3.67,192.3226305,45.4,4.8,3719.97351,0.689,11.1
Pakistan,2005,62.9,0.04,30.59320769,18.9,2.91,711.4699463,0.487,6.1
Ghana,2006,59.4,1.7,129.0263364,23.0,4.64,922.9351677,0.51,8.7
Belize,2012,69.4,6.66,582.8027185,48.5,5.45,4673.63848,0.702,12.5
Switzerland,2005,81.1,10.15,10055.34981,53.2,1.86,54797.54663,0.899,15.2
Belize,2008,69.6,7.22,51.25232422,45.7,5.9,447.22796,0.699,12.8
Togo,2009,56.7,1.24,77.09551224,2.9,6.64,499.6468713,0.442,10.6
Latvia,2002,73.0,7.44,376.4570185,56.0,6.29,4132.34927,0.746,14.8
Argentina,2013,76.0,8.28,1001.796332,61.6,4.99,12976.63642,0.823,17.3
Brazil,2013,74.7,7.24,916.270845,54.5,8.48,12216.9446,0.734,14.2
Fiji,2005,68.3,2.02,64.39203443,55.1,3.61,3658.63832,0.699,13.9
Malaysia,2003,73.1,0.48,264.2496129,28.8,3.95,4463.675893,0.724,12.1
Lesotho,2004,44.8,1.8,67.91361818,26.9,6.96,781.5145936,0.439,10.7
Thailand,2010,73.9,5.95,71.6850913,27.9,3.81,575.32176,0.711,13.1
Panama,2004,75.8,5.69,527.60848,49.5,8.9,4591.892776,0.733,12.8
Ethiopia,2006,57.2,1.22,22.18952246,14.2,4.47,193.794956,0.346,6.6
Belgium,2001,78.0,11.01,2943.375396,58.5,8.29,23121.56635,0.873,18.2
Japan,2010,83.0,6.9,863.0061491,26.9,9.58,4457.67639,0.879,15.1
India,2008,65.5,1.93,43.03043312,14.9,4.34,991.484634,0.556,10.2
Lithuania,2013,73.0,15.04,1968.816817,61.4,6.59,15712.82376,0.834,16.4
Portugal,2005,77.7,13.33,2813.985285,54.1,9.98,18784.9485,0.79,15.4
Cyprus,2002,78.4,11.68,1128.050886,53.8,6.12,16372.29152,0.805,12.5
Iceland,2008,81.4,8.49,7613.814999,58.1,8.8,55575.29196,0.892,18.2
Norway,2008,86.0,6.75,1707.130633,58.0,8.4,9688.5961,0.936,17.6
Mauritania,2004,64.0,0.01,5.00378288,23.6,4.7,62.547286,0.451,6.7
Burkina Faso,2000,51.0,3.71,19.83929597,12.2,5.6,226.4759814,0.0,3.4
Togo,2001,54.6,0.95,2.048574874,17.1,4.29,26.6394652,0.426,9.4
Belize,2006,69.4,6.48,387.3324928,44.4,4.4,4187.3783,0.692,12.3
France,2006,86.0,12.4,5689.991931,58.0,1.53,36544.5853,0.87,16.1
Latvia,2014,74.4,0.01,1542.635979,6.7,5.88,15725.1374,0.822,16.0
Belize,2001,68.2,4.9,251.6586929,41.4,4.5,3419.275719,0.677,11.8
Sri Lanka,2005,74.2,1.97,97.76637062,16.6,4.6,1259.87591,0.712,12.9
Bosnia and Herzegovina,2013,77.0,4.12,75.61062911,54.7,9.46,535.86555,0.735,14.2
Cabo Verde,2014,73.0,0.01,414.0242418,3.5,4.76,3529.61843,0.643,13.5
Benin,2008,57.6,1.28,7.615430126,22.0,4.2,82.1513498,0.444,9.1
Austria,2010,84.0,12.1,7423.228774,55.2,11.17,46657.629,0.872,15.4
Central African Republic,2005,45.9,1.5,40.92207976,18.2,4.29,327.1149461,0.319,5.9
Namibia,2002,55.7,5.09,203.7322893,25.8,6.17,1713.47594,0.556,11.8
Guyana,2003,65.3,7.93,16.47949015,37.8,5.97,986.7958173,0.611,11.1
China,2005,73.9,2.92,171.6596026,24.1,4.66,1753.4178,0.634,10.6
Greece,2012,84.0,8.2,2528.992935,64.9,9.24,22242.68193,0.858,16.8
Seychelles,2003,72.1,7.41,843.1186662,28.7,4.64,8524.961236,0.713,12.1
Australia,2001,79.9,9.53,3064.301144,59.0,8.18,19517.84168,0.899,20.5
Greece,2010,83.0,9.0,3189.754439,63.7,9.18,26917.75898,0.859,16.4
Luxembourg,2000,77.8,13.14,8246.130437,54.0,7.48,48735.99549,0.848,13.5
Togo,2000,54.6,1.1,2.02964427,16.6,4.35,26.3932935,0.425,9.3
Trinidad and Tobago,2005,69.5,6.12,1187.949491,37.6,5.31,12323.1275,0.745,12.3
Georgia,2013,74.5,5.91,180.3787034,54.4,7.25,4274.376857,0.755,13.5
Iceland,2011,82.1,8.13,7.0480925,59.3,8.65,46.217,0.894,18.6
Nicaragua,2003,76.0,3.77,2.542436908,44.9,6.12,115.565314,0.583,11.0
Cameroon,2009,54.8,5.89,9.042540892,25.4,5.7,123.19538,0.473,9.2
Nigeria,2007,55.0,9.55,104.4746444,2.4,4.47,1136.829645,0.477,9.1
Lesotho,2009,49.4,2.75,104.3144732,29.2,9.8,923.136931,0.453,10.8
Liberia,2003,50.0,4.21,9.758449266,21.1,3.44,133.494518,0.373,10.3
Germany,2007,79.8,11.5,7777.556353,58.5,1.18,41814.8191,0.898,16.6
Kenya,2011,61.2,1.8,109.7051836,19.5,5.23,987.4453967,0.53,11.1
Sao Tome and Principe,2013,67.1,0.01,200.6600988,29.3,9.76,1619.532678,0.559,11.0
India,2005,64.4,1.27,3.5096369,13.5,4.28,77.819,0.526,9.4
Swaziland,2007,50.0,5.55,43.3664999,28.5,7.5,347.48798,0.508,10.5
Montenegro,2001,73.3,0.01,33.66981355,52.7,8.23,199.583957,0.0,0.0
Solomon Islands,2014,68.8,0.01,3.718438799,49.7,5.5,29.652622,0.512,9.6
Maldives,2008,75.9,1.76,1077.712092,2.3,9.3,5828.621374,0.641,11.8
Comoros,2012,62.5,0.01,78.39008571,22.6,7.11,788.632653,0.484,10.8
Samoa,2010,72.6,3.01,434.7940679,72.5,5.7,3453.487434,0.69,12.9
Slovenia,2013,85.0,9.53,259.7786785,58.9,9.29,2315.31799,0.878,16.8
Senegal,2005,65.0,0.33,96.03725103,19.5,5.35,773.8698713,0.415,6.4
Dominican Republic,2004,69.3,5.16,182.6162515,47.2,4.28,2421.9662,0.666,12.5
Norway,2002,78.9,5.89,749.6823382,54.6,9.62,4361.1538,0.916,17.1
Botswana,2006,54.8,6.45,76.31867911,33.2,4.93,5374.554867,0.61,11.9
Costa Rica,2006,78.0,4.15,1185.412346,51.4,7.82,5245.187372,0.727,12.6
Philippines,2004,67.3,4.45,13.39905105,19.6,3.23,179.3715,0.636,11.6
Estonia,2009,74.9,15.04,1717.088711,57.1,6.93,14726.31828,0.836,16.1
Belgium,2005,78.9,12.27,5068.214488,6.2,9.24,36967.28292,0.861,15.7
France,2010,81.3,11.7,72.8001211,6.1,11.2,473.34279,0.879,16.0
Bhutan,2006,65.8,0.29,169.2023968,17.4,5.27,1335.45696,0.0,9.6
Central African Republic,2011,49.8,1.66,58.52947463,2.7,3.73,494.336779,0.361,6.8
Slovenia,2012,82.0,10.95,3283.024864,58.2,9.37,22486.47167,0.877,16.8
Portugal,2007,78.7,12.57,333.3569124,55.7,9.62,2278.5845,0.797,15.4
Djibouti,2007,59.8,0.45,20.86878709,3.9,7.72,147.586896,0.416,4.5
Comoros,2010,61.8,0.15,47.30421873,21.6,5.82,769.1742883,0.476,10.5
Suriname,2009,70.0,5.13,885.0739766,54.1,6.14,7443.85178,0.696,12.1
Ireland,2007,79.5,13.59,9797.552661,56.6,7.57,61388.17457,0.902,17.6
Botswana,2014,65.1,0.01,662.802194,37.3,5.41,7497.762376,0.697,12.6
Seychelles,2002,72.1,11.15,562.3601848,28.1,4.21,8331.261997,0.712,12.1
Djibouti,2004,58.1,1.18,106.0354659,29.8,6.76,864.184726,0.388,3.7
Kiribati,2004,64.8,0.48,10.6242741,71.4,1.39,113.6286,0.0,12.4
Mauritania,2010,62.0,0.01,8.353074798,27.4,3.28,123.383675,0.484,7.6
Hungary,2003,72.5,13.24,1030.220271,57.6,8.42,8396.25323,0.784,14.9
Mexico,2005,75.3,4.93,998.3498049,56.4,6.4,7986.798439,0.719,12.2
Dominican Republic,2008,73.3,6.12,49.09241952,51.5,4.2,511.37937,0.692,12.8
Benin,2003,55.8,1.35,8.931827297,19.7,4.63,519.2922847,0.416,7.7
Liberia,2008,58.6,3.88,40.03344077,23.4,11.83,232.61732,0.394,9.8
Netherlands,2002,78.4,9.68,3455.197053,53.4,8.34,28817.32321,0.882,16.9
Uganda,2005,53.2,10.09,44.52614001,14.5,9.36,315.788227,0.429,10.9
Iceland,2002,84.0,6.61,5948.096777,55.4,9.86,31996.2172,0.859,17.2
Afghanistan,2013,59.9,0.01,73.21924272,18.1,8.13,631.744976,0.47,9.9
Switzerland,2002,84.0,10.85,6853.628494,51.8,1.61,41336.72192,0.89,15.2
Latvia,2007,78.0,12.12,170.9884138,57.7,7.1,1444.1589,0.814,16.2
Italy,2008,81.5,7.96,66.37840495,59.9,8.89,464.18465,0.866,16.3
Togo,2003,54.7,1.02,2.995959823,17.9,5.0,31.437144,0.428,9.9
Sweden,2010,81.5,7.2,778.2477467,57.3,9.47,5276.25591,0.895,15.8
Mozambique,2001,49.5,2.09,37.82511936,16.9,5.64,256.4414872,0.298,5.8
Central African Republic,2009,48.6,1.56,40.45156933,19.8,3.58,449.961839,0.345,6.4
Tonga,2003,72.0,1.79,45.85105771,67.8,5.9,229.714718,0.683,13.7
Sweden,2005,85.0,6.5,599.0392403,55.3,9.6,4385.35315,0.89,16.0
Spain,2005,81.0,11.92,405.4475981,6.5,8.12,2651.71745,0.837,15.8
Australia,2005,81.0,10.3,579.1331637,61.5,8.45,3416.71483,0.91,20.3
Nigeria,2013,53.2,8.3,194.2032879,24.1,3.7,2996.96432,0.514,9.8
Myanmar,2002,62.8,0.41,3.421880938,14.6,2.5,143.77651,0.435,7.6
Albania,2015,77.8,4.6,364.9752287,58.0,6.0,3954.22783,0.762,14.2
Djibouti,2011,61.8,0.39,20.35974738,32.7,8.71,143.986898,0.451,5.9
Tunisia,2003,73.7,1.34,321.7694175,5.6,5.36,2761.969249,0.667,13.5
Gabon,2008,61.6,8.75,11.05422474,32.4,2.54,194.2746,0.651,12.4
Croatia,2002,74.8,13.39,11.63615139,55.8,6.19,653.71637,0.759,12.6
Eritrea,2004,59.1,0.64,10.26097341,13.6,3.14,287.4222243,0.0,5.0
Kazakhstan,2010,67.8,6.83,11.1516268,49.2,4.42,97.649972,0.763,14.5
Mongolia,2010,66.3,5.8,22.31624272,46.9,4.7,265.353659,0.693,14.3
Switzerland,2003,85.0,10.82,842.2768087,52.3,1.93,4796.56497,0.889,15.0
Mexico,2014,76.6,5.26,168.173753,62.8,6.3,1452.27766,0.754,13.1
Turkmenistan,2013,65.4,2.93,63.7481117,46.7,2.12,734.42525,0.678,10.7
Niger,2005,53.7,0.11,3.751715442,15.4,7.15,25.383731,0.278,3.5
Chile,2001,77.3,6.1,687.5116825,54.7,6.51,4595.666327,0.761,13.7
Dominican Republic,2010,72.7,6.02,664.5585242,53.6,4.6,5451.6696,0.697,12.9
Australia,2013,82.5,9.87,11734.85381,65.5,9.36,67792.3386,0.933,20.3
Mauritania,2012,62.5,0.01,62.48419552,28.8,3.36,1364.283745,0.491,7.8
Guinea-Bissau,2004,53.5,2.58,13.52999556,19.6,5.41,393.3138244,0.0,7.7
Guinea,2003,53.3,0.18,2.39524067,17.7,3.45,37.1931781,0.338,5.9
Vanuatu,2010,71.0,0.91,471.8626525,49.1,4.71,2965.82434,0.59,10.8
Sierra Leone,2000,39.0,3.97,20.39568283,17.2,13.63,139.3147734,0.292,6.7
Chile,2008,79.6,7.31,241.5533381,59.3,6.87,1781.3668,0.804,15.2
Poland,2004,74.9,9.19,648.0743453,55.0,6.19,6681.178818,0.8,15.5
Norway,2009,89.0,6.68,142.3749426,58.5,9.49,817.77681,0.936,17.4
Vanuatu,2004,69.6,0.85,334.1673373,44.1,4.12,1787.94723,0.0,10.7
Romania,2005,71.9,7.68,615.4030781,53.9,5.47,4676.315183,0.745,13.4
Mozambique,2002,49.8,2.16,40.82597077,17.3,6.45,262.884551,0.311,6.2
Mozambique,2006,51.2,1.2,58.59644487,18.9,6.51,385.7567141,0.353,7.9
Lithuania,2007,72.0,13.4,1581.511914,59.0,6.22,12297.91535,0.812,16.4
Lebanon,2004,73.7,2.1,618.3614858,6.2,8.91,5424.22356,0.0,14.2
Peru,2011,74.5,4.83,759.5380695,52.9,4.93,5771.565878,0.721,13.4
Albania,2007,75.9,5.58,32.24655228,51.7,6.1,363.13685,0.703,11.6
Ukraine,2005,67.0,7.31,217.4345257,56.4,6.41,1828.717626,0.707,14.5
Croatia,2001,74.9,13.15,650.9567981,55.2,7.16,5245.421419,0.749,12.3
Malaysia,2012,74.5,0.53,101.609245,37.4,4.1,1779.49641,0.776,12.9
Swaziland,2002,46.4,5.52,131.0421269,26.7,5.16,1324.996228,0.502,9.2
Japan,2002,81.8,7.87,5250.249188,22.9,7.85,32289.3554,0.86,14.7
Botswana,2008,57.5,6.56,476.8625872,34.2,5.55,5623.379566,0.646,12.1
Bhutan,2010,67.9,0.28,244.0391949,2.3,5.17,2178.921383,0.0,11.4
Germany,2006,79.6,11.76,6407.535954,58.0,1.34,36447.87232,0.892,16.5
Kenya,2014,62.9,0.01,170.9626624,21.3,5.72,1335.6458,0.546,11.1
Cabo Verde,2009,72.4,4.45,339.9777364,26.8,4.24,3444.5566,0.621,12.4
Mauritania,2000,60.0,0.03,8.594570232,21.1,5.26,477.476124,0.443,6.4
Turkey,2009,73.9,1.4,106.9482898,61.1,6.8,936.499911,0.709,12.5
Ecuador,2012,75.5,3.92,41.88087712,52.1,6.48,572.14313,0.717,13.3
Algeria,2014,75.4,0.01,54.2373183,58.4,7.21,547.8517,0.741,14.4
Morocco,2014,74.1,0.43,198.7343495,57.5,5.91,3154.513484,0.64,12.1
Portugal,2009,79.3,12.03,337.1023516,57.3,1.42,2363.97161,0.809,16.0
Timor-Leste,2010,66.9,0.1,38.58376645,15.5,0.92,849.8626972,0.599,12.4
Eritrea,2006,59.7,0.97,10.60269773,14.3,3.3,297.828588,0.405,5.3
Tunisia,2014,75.1,1.39,604.8701316,6.2,7.0,4271.68172,0.722,14.7
Namibia,2004,54.7,4.8,368.2848258,27.2,6.47,3288.257373,0.559,11.7
Nicaragua,2001,73.0,3.51,22.35595448,43.5,5.26,143.6758,0.57,10.4
Burundi,2004,52.6,5.72,11.22655347,13.8,7.1,127.4296648,0.279,5.2
Netherlands,2000,78.1,10.06,2944.640134,51.8,7.42,25921.12794,0.873,16.5
Panama,2012,77.2,6.95,201.7490628,55.6,7.25,1589.82713,0.765,12.8
Cyprus,2006,78.8,11.47,1700.841534,55.8,6.28,27169.99256,0.829,13.4
Bosnia and Herzegovina,2009,76.1,4.75,645.021302,52.6,9.64,4697.89732,0.716,13.3
Iceland,2000,79.7,6.17,5809.12199,54.2,9.28,31813.37344,0.847,16.8
Eritrea,2002,58.5,0.83,0.703132179,13.1,4.2,21.7687981,0.0,4.4
Burundi,2000,58.0,6.61,9.696689164,12.8,4.98,135.9984455,0.268,4.5
Tonga,2009,72.5,1.08,4.783805563,72.1,4.67,37.846563,0.703,14.5
Comoros,2007,66.0,0.16,9.087638194,2.1,4.93,72.759313,0.459,10.0
Mauritius,2001,71.5,4.38,70.15536981,25.8,3.87,3792.182152,0.673,12.2
Argentina,2008,75.4,8.41,1413.73543,58.6,6.66,8953.359275,0.792,16.3
Honduras,2002,71.6,3.09,154.8636161,4.4,7.28,1132.8721,0.561,10.1
Angola,2003,46.8,3.49,35.93349121,16.8,4.41,779.468356,0.406,5.9
Sierra Leone,2009,47.1,3.97,49.8371267,21.2,13.13,394.5932439,0.375,8.5
Serbia,2002,72.9,6.95,292.6142378,52.2,8.9,2149.9944,0.715,13.2
Iraq,2006,64.7,0.03,75.25799773,53.2,3.0,2351.812429,0.631,10.2
Uganda,2007,55.5,9.65,6.002527685,15.2,9.76,41.858631,0.442,10.3
Chad,2013,52.2,0.64,76.52382535,18.2,3.42,986.13177,0.387,7.3
Ethiopia,2002,53.2,0.8,10.82452594,12.9,4.73,111.3634356,0.298,4.9
Chile,2006,78.9,7.33,1275.689625,58.1,6.18,9484.681227,0.796,14.9
Belarus,2012,71.9,16.35,91.70962117,6.5,5.1,694.243915,0.793,15.6
Georgia,2001,73.0,2.76,57.10318825,46.5,7.82,733.974142,0.673,11.7
Malaysia,2008,73.8,0.47,438.4519214,33.4,3.47,8513.629541,0.747,12.5
Trinidad and Tobago,2009,71.0,6.37,128.0896289,41.1,6.47,1458.8796,0.773,12.5
Switzerland,2000,79.7,11.26,5834.582046,5.8,9.91,37813.23426,0.879,15.1
Luxembourg,2007,79.7,11.75,267.051312,57.9,6.8,1618.4928,0.877,13.5
Nicaragua,2013,73.9,3.58,366.4841804,52.4,8.43,1847.19849,0.63,11.5
Myanmar,2000,62.1,0.35,2.511437292,13.6,1.84,193.187484,0.417,7.5
Uruguay,2007,75.4,6.67,14.47305874,59.5,8.23,79.69746,0.76,15.3
Morocco,2010,72.8,0.56,183.6592186,53.6,5.86,2834.2472,0.603,10.7
Finland,2012,84.0,9.24,5889.012536,61.0,9.3,47415.55987,0.884,17.0
Ghana,2013,61.9,0.01,28.66897829,27.3,4.63,1814.492297,0.57,11.5
Colombia,2011,74.2,4.37,184.3073618,55.0,6.64,7227.73968,0.7,13.0
Norway,2010,81.0,6.59,15268.06445,58.9,9.26,87646.75346,0.936,17.4
Slovenia,2003,76.5,11.58,203.3252124,52.9,8.77,1488.47154,0.843,16.1
Iceland,2012,82.5,7.81,6818.546407,59.7,8.68,44333.8518,0.901,18.7
Niger,2003,52.1,0.1,20.26876572,14.6,6.23,215.8548,0.266,3.0
Equatorial Guinea,2009,55.7,7.97,115.0692415,21.7,5.32,1653.2937,0.59,9.1
Suriname,2014,71.4,6.32,1132.432517,57.7,5.69,9564.46383,0.722,12.7
Honduras,2001,71.3,2.74,15.36175284,39.6,6.88,113.4546,0.557,9.9
Tajikistan,2007,66.1,0.35,2.272404904,34.7,5.35,52.35956,0.586,10.9
Mauritania,2006,69.0,0.01,55.79836969,24.8,3.21,944.134851,0.466,7.2
Montenegro,2002,73.4,0.01,36.48024032,53.5,8.33,216.243274,0.0,0.0
El Salvador,2007,71.2,2.83,52.30172215,5.8,6.32,334.83817,0.657,12.9
Kenya,2013,62.6,1.84,165.9304977,2.7,5.57,1229.114798,0.541,11.1
Cabo Verde,2006,72.1,4.25,26.45133197,24.9,5.11,234.28992,0.596,11.9
Philippines,2014,68.4,4.52,31.27232188,24.8,4.71,2842.938353,0.676,11.7
Kiribati,2009,65.2,0.54,162.2903711,74.6,12.24,1297.285141,0.576,11.9
Belize,2002,68.5,4.99,262.8299189,42.0,4.38,3556.561825,0.678,11.9
Timor-Leste,2001,59.4,0.5,6.556583478,12.3,3.75,56.4249869,0.47,9.8
Mali,2003,52.0,0.54,6.660451777,17.0,6.25,391.791281,0.318,5.2
Nepal,2003,64.3,0.2,2.79096532,12.9,5.48,253.72412,0.457,9.2
Chad,2001,48.0,0.3,26.87439074,14.1,6.9,197.3156442,0.3,4.9
Haiti,2008,62.1,5.95,63.83195683,41.8,5.92,674.7564147,0.462,8.4
Mongolia,2005,64.5,2.75,98.68367951,42.1,5.9,998.8226671,0.637,11.8
Mauritius,2007,72.9,3.24,582.5143743,29.1,4.24,6574.654338,0.72,13.5
Haiti,2014,63.1,0.01,5.103249438,48.8,7.56,83.1148117,0.487,9.1
Kazakhstan,2005,64.6,6.94,351.8603267,46.3,4.7,3771.278957,0.737,13.9
Finland,2010,79.9,9.72,591.6691405,6.2,9.5,4622.41516,0.874,16.8
Guinea-Bissau,2013,58.1,0.01,8.20063742,25.0,6.14,61.566347,0.415,9.1
Equatorial Guinea,2011,56.2,10.99,1493.051277,22.6,3.29,21451.88617,0.58,9.2
Luxembourg,2012,81.1,11.34,2284.58215,6.1,7.18,16749.136,0.892,13.9
Armenia,2007,73.5,3.99,44.57219966,49.7,4.31,3138.8873,0.707,11.7
Netherlands,2009,86.0,9.23,96.8585885,58.6,1.29,519.349,0.906,16.9
Mexico,2002,75.0,4.77,12.1859723,54.1,5.52,716.8219,0.703,11.6
Croatia,2005,75.2,11.59,167.2319899,57.5,6.89,1224.2459,0.777,13.6
Albania,2000,72.6,3.66,91.71154052,45.0,6.26,1175.788981,0.656,10.7
Estonia,2006,73.0,16.58,244.3510801,55.9,5.1,12595.4165,0.822,16.1
Romania,2008,73.1,11.9,128.0805702,55.6,5.33,1136.47356,0.78,14.7
Swaziland,2001,47.1,6.72,143.6197316,26.3,5.11,1437.634951,0.506,9.3
Germany,2011,85.0,11.2,869.790735,6.4,1.93,4681.32796,0.912,16.8
Burkina Faso,2001,56.0,4.56,23.1016899,12.5,4.85,235.4912324,0.0,3.5
Canada,2012,81.6,8.3,9748.636237,65.3,1.78,52496.69487,0.907,15.9
Turkey,2000,74.0,1.54,421.2956602,53.5,4.95,4316.553895,0.641,10.7
Chad,2006,48.5,0.41,62.67225971,15.7,3.32,712.1847694,0.303,5.5
Mexico,2003,75.0,4.88,781.2062828,54.9,6.2,6751.998987,0.708,11.9
Solomon Islands,2011,68.5,0.99,229.6687488,47.2,5.8,1642.837974,0.497,9.4
Malta,2002,78.2,5.73,1552.740429,63.4,7.86,11843.9392,0.786,13.8
Belgium,2009,79.8,10.05,671.9376566,61.6,1.39,4488.5615,0.876,15.8
Greece,2008,79.9,9.51,3682.88717,62.4,9.76,31997.2821,0.853,15.9
Timor-Leste,2006,64.9,0.04,28.12560496,13.9,0.65,441.53226,0.511,11.0
Afghanistan,2011,59.2,0.01,7.097108703,17.2,7.87,63.537231,0.454,9.5
Sri Lanka,2014,74.7,2.37,42.7308283,22.7,3.5,382.54994,0.76,14.0
Lithuania,2006,76.0,12.7,116.504961,58.7,6.2,924.642548,0.807,16.4
Brazil,2005,72.7,6.97,23.76370075,47.8,8.27,477.182746,0.694,13.8
Djibouti,2002,57.9,1.03,13.46662004,29.0,5.45,792.15412,0.372,3.3
Swaziland,2014,58.4,0.01,574.3895102,31.8,9.25,3464.35169,0.541,11.4
India,2003,63.7,1.19,19.4808682,12.6,4.3,541.1352279,0.505,8.6
Namibia,2011,64.3,7.84,7.896234931,32.5,8.78,56.971392,0.612,11.5
Thailand,2014,74.6,6.41,789.0772949,32.4,4.12,5941.8471,0.737,13.6
Brazil,2007,73.3,7.19,394.9321299,49.4,8.28,7313.557962,0.7,13.5
Croatia,2011,77.0,12.19,1913.356642,61.3,7.8,14539.18421,0.808,14.5
Sweden,2014,82.3,7.3,1142.212403,59.0,11.93,5918.19898,0.906,15.8
Guinea,2011,58.1,0.22,42.2547904,21.2,4.73,459.2912,0.385,8.4
Angola,2005,47.4,5.04,98.19145117,17.7,4.1,1443.991929,0.426,6.8
Uruguay,2012,76.5,5.77,339.7190493,62.3,8.74,1592.6819,0.784,15.5
Senegal,2003,59.0,0.33,62.21977893,18.7,5.4,642.7663113,0.401,5.9
Haiti,2005,65.0,5.57,38.10904264,38.5,4.41,465.311876,0.452,8.2
Israel,2000,78.9,2.53,199.9341033,58.3,7.13,2152.1432,0.845,15.2
Morocco,2006,71.0,0.58,127.7632005,49.9,5.23,2191.478567,0.575,10.0
Fiji,2006,68.5,2.06,52.1241634,55.9,3.84,3749.939813,0.695,14.0
Jamaica,2000,72.6,3.46,24.82762854,41.6,5.81,336.8742,0.682,11.4
Madagascar,2002,59.3,0.9,47.5262138,14.7,5.29,262.2859481,0.462,8.3
Albania,2009,76.1,5.79,348.0559517,53.5,5.79,4114.136545,0.721,12.2
Niger,2007,55.2,0.1,35.80929749,16.1,6.94,292.55962,0.293,3.8
Turkmenistan,2011,65.6,2.55,490.4181326,45.0,1.98,5649.978486,0.665,10.6
Benin,2005,56.5,1.13,7.106997355,2.5,4.73,61.799977,0.43,8.5
Portugal,2013,86.0,10.0,2698.01817,6.2,9.55,21618.73534,0.827,16.3
Cyprus,2014,83.0,0.01,207.3041936,59.8,7.37,2734.88382,0.85,14.0
Afghanistan,2000,54.8,0.01,10.42496,12.2,8.2,114.56,0.338,5.5
Lesotho,2002,46.4,2.95,3.53457351,25.9,6.91,47.89395,0.446,10.4
Samoa,2001,75.0,3.43,199.4118322,66.5,5.16,1555.47451,0.645,12.0
Slovenia,2014,87.0,10.46,31.13492794,59.5,9.23,242.67286,0.888,17.6
China,2004,73.5,3.04,1.58668462,23.4,4.72,158.668462,0.622,10.2
Germany,2004,79.1,11.83,5842.374765,57.1,1.37,34165.9343,0.877,16.4
Haiti,2004,58.7,6.1,64.39853344,37.5,5.61,387.9429725,0.45,8.1
Russian Federation,2010,68.4,11.05,162.8088054,57.5,6.83,1674.98771,0.773,13.7
Montenegro,2011,75.4,6.56,666.7374371,59.7,6.92,7318.742449,0.792,15.1
Senegal,2013,66.0,0.26,11.8385319,23.2,4.51,148.912351,0.474,8.7
Estonia,2013,76.9,0.01,261.2914808,59.0,6.48,1929.7746,0.856,16.5
Burundi,2011,57.4,4.16,3.595980333,16.6,8.58,26.479973,0.385,9.9
Central African Republic,2006,46.3,1.54,46.90117916,18.6,3.99,347.673678,0.323,6.0
Suriname,2010,73.0,5.26,99.08095375,54.8,5.81,833.31332,0.7,12.3
Afghanistan,2002,56.2,0.01,16.88735091,13.0,7.76,187.84595,0.341,6.2
Australia,2008,81.3,10.76,8547.292357,62.9,8.78,49664.6854,0.921,19.1
Angola,2002,46.5,2.82,24.037942,16.3,3.63,711.181716,0.401,5.5
Sweden,2011,81.7,7.4,11477.6671,57.7,11.7,59593.28711,0.901,16.0
Brazil,2002,71.4,7.0,140.9824766,45.3,7.13,2819.649531,0.692,14.6
Malta,2007,79.6,7.45,2578.888314,66.1,8.36,19375.5696,0.808,14.4
Ireland,2009,79.7,11.41,7620.823456,58.2,9.53,51983.78892,0.909,17.9
Poland,2003,74.7,9.06,542.0235,54.5,6.22,5693.52416,0.796,15.3
Sweden,2004,83.0,6.6,5793.363644,54.9,9.9,42442.2245,0.888,16.0
Niger,2001,56.0,0.11,1.817829717,13.9,7.1,165.257247,0.255,2.9
Croatia,2014,77.8,12.14,1884.098811,63.1,7.8,13467.46827,0.82,15.1
Iraq,2012,76.0,0.01,429.6625083,57.2,5.26,6651.12242,0.656,10.5
Malawi,2007,48.5,1.18,4.269511381,16.6,9.31,32.2227274,0.387,9.7
Nicaragua,2014,74.5,3.55,473.1238124,53.2,9.4,1975.46477,0.636,11.6
El Salvador,2013,73.0,2.42,653.6925016,54.7,6.95,3895.664491,0.675,13.2
Malaysia,2000,72.4,0.54,23.37167228,26.0,3.4,445.17471,0.715,11.6
Armenia,2011,73.9,4.09,260.9963826,51.9,3.71,3526.978143,0.729,12.7
Honduras,2013,74.3,3.11,311.7553193,49.3,9.15,2136.77395,0.614,11.6
El Salvador,2003,69.9,3.1,400.1342971,47.8,7.61,2519.737387,0.628,12.0
Cyprus,2003,78.5,10.62,158.7087399,54.3,6.83,2293.4789,0.815,13.0
Mongolia,2004,64.0,1.75,73.24150483,41.3,5.99,797.8377432,0.621,11.2
Japan,2004,82.1,7.7,6746.281299,23.8,8.3,37688.72234,0.866,14.8
South Africa,2012,59.2,7.38,1089.954838,48.7,8.79,7548.163698,0.644,12.8
Solomon Islands,2005,67.4,0.9,25.31155956,42.1,7.83,88.874858,0.465,8.3
Thailand,2013,74.5,6.5,788.6873403,31.3,4.0,6171.262444,0.733,13.6
Estonia,2004,72.3,15.07,101.1201161,55.2,5.13,885.465115,0.805,15.7
Mauritius,2000,71.0,4.6,336.3213326,25.3,3.78,3861.32414,0.667,12.1
Austria,2011,88.0,12.04,8272.306757,55.7,1.94,51126.74139,0.88,15.7
Tunisia,2004,74.0,1.36,379.7659054,51.4,5.63,3112.83529,0.673,13.6
Suriname,2005,68.9,4.47,418.9206608,51.1,6.78,3595.8855,0.672,11.3
El Salvador,2012,73.0,2.48,591.7757569,54.1,6.7,3827.786267,0.67,13.2
Zambia,2008,55.7,2.12,153.6783754,19.7,4.87,1369.68249,0.504,11.4
Poland,2014,77.3,10.71,243.808475,61.1,6.35,14341.675,0.85,16.4
Malta,2005,79.0,6.41,2247.035692,65.0,8.83,15835.34667,0.805,14.8
Indonesia,2001,66.5,0.06,33.95837125,16.0,2.23,747.9817455,0.604,10.6
Netherlands,2008,83.0,9.62,10873.40554,57.9,9.57,56928.8248,0.905,16.8
Turkey,2006,72.8,1.29,103.523776,58.5,5.81,834.869161,0.687,11.9
Ghana,2011,61.2,1.64,225.2219474,26.1,4.81,1574.978653,0.554,10.9
Costa Rica,2008,78.9,4.22,1859.095621,53.4,9.1,6911.136136,0.74,12.9
Jamaica,2014,75.8,3.83,427.3054534,53.5,5.36,4855.743789,0.727,12.8
Norway,2005,81.0,6.37,11792.53465,56.5,8.89,66775.3944,0.929,17.6
Switzerland,2008,82.0,10.29,2084.255535,54.6,1.29,72119.5687,0.914,15.3
Comoros,2008,61.0,0.12,93.36788979,2.6,5.13,795.97519,0.461,10.2
Tajikistan,2004,65.9,0.38,2.093721752,33.0,5.7,39.281834,0.563,10.5
Sierra Leone,2008,46.2,3.91,5.379606465,2.7,1.29,46.3759178,0.367,8.3
China,2009,74.9,4.88,50.28348923,27.3,5.8,3838.434292,0.682,12.2
Seychelles,2009,72.3,4.94,75.2256582,32.4,2.64,976.9566,0.739,13.2
Nicaragua,2009,73.2,3.36,292.753101,49.4,6.82,1464.497754,0.613,11.3
Cyprus,2010,79.5,11.32,283.3300258,57.8,7.23,3818.46396,0.853,14.6
Belgium,2013,87.0,11.77,702.359357,63.0,1.57,4651.38647,0.889,16.3
Serbia,2005,73.0,9.6,503.1115947,53.9,8.7,3528.1318,0.73,13.2
Mauritius,2003,71.5,4.08,407.779262,26.9,4.15,4623.347642,0.687,12.6
Italy,2014,82.5,7.56,4831.644796,63.1,9.25,35396.66517,0.877,16.3
Thailand,2006,73.0,6.18,433.9210918,23.6,3.49,3368.952576,0.686,12.4
Algeria,2013,75.3,0.53,544.4507432,57.2,7.12,5471.866766,0.737,14.4
Mexico,2001,75.0,4.86,13.31109532,53.2,5.35,731.378864,0.7,11.6
Comoros,2004,59.8,0.27,7.212110766,18.8,3.96,616.4197236,0.0,9.5
Denmark,2009,78.9,10.08,9765.616994,56.6,11.47,58163.29359,0.906,16.8
Myanmar,2003,63.2,0.4,3.824212472,15.2,1.97,219.782326,0.445,7.7
Belarus,2008,70.0,14.67,501.8056141,58.2,5.95,6376.183153,0.755,15.1
Israel,2012,81.8,2.78,3830.184587,63.8,7.73,32569.59683,0.889,15.9
Niger,2009,57.1,0.11,5.665405066,16.9,6.98,341.2894618,0.307,4.2
Indonesia,2014,68.9,0.09,200.0684443,26.5,2.85,3491.595887,0.682,12.9
Spain,2002,79.5,12.26,228.3543024,58.8,7.25,1719.53541,0.828,15.7
Vanuatu,2001,69.1,0.91,163.105292,41.9,3.37,1362.61731,0.0,10.1
Suriname,2001,67.7,4.23,191.2135044,48.3,8.38,1598.77512,0.0,11.0
Bosnia and Herzegovina,2008,76.0,5.13,66.04635027,52.1,8.58,575.31664,0.71,13.1
Belarus,2014,72.0,13.94,1147.1114,61.7,5.69,8318.429294,0.796,15.7
Ecuador,2007,74.7,3.63,19.60467787,48.6,5.94,359.71886,0.696,12.9
Djibouti,2009,69.0,0.49,177.2671607,31.7,8.37,1253.657431,0.436,5.3
Maldives,2006,75.0,1.62,659.8499118,18.7,7.37,4428.522898,0.622,12.0
Nigeria,2009,51.6,9.05,14.5676468,21.6,4.24,197.661422,0.487,9.3
Timor-Leste,2012,67.4,0.01,30.17998548,16.2,1.1,1117.77724,0.618,12.5
Madagascar,2000,57.9,1.16,35.66125056,13.9,5.8,245.939659,0.0,8.0
Madagascar,2005,69.0,0.72,33.74786198,15.8,5.3,274.819723,0.473,8.9
Nepal,2000,62.5,0.08,17.9123368,11.4,5.43,231.42554,0.439,8.9
Colombia,2009,73.6,4.34,941.6464045,53.5,7.1,5148.422113,0.691,12.4
Swaziland,2013,57.6,0.01,708.9556648,31.2,9.66,3598.75972,0.539,11.4
Azerbaijan,2001,67.5,0.51,4.104190077,42.6,4.48,73.6838434,0.642,10.4
Mongolia,2009,66.9,4.61,134.1678932,45.9,5.29,1717.898761,0.686,13.8
Italy,2013,82.3,7.35,483.1916844,62.6,9.22,3537.27441,0.876,16.5
Kiribati,2003,64.7,0.5,1.76541345,7.6,9.98,115.3865,0.0,11.6
Mozambique,2013,55.3,1.16,5.813338496,21.8,5.9,65.985681,0.405,9.1
Spain,2014,82.6,0.01,42.98847625,66.0,9.3,296.47225,0.877,17.6
Cambodia,2006,64.1,2.03,51.50447119,14.3,4.48,539.8791529,0.483,10.1
Kiribati,2002,64.6,0.49,70.75572222,69.7,9.1,826.58554,0.0,11.7
Belgium,2012,83.0,10.08,664.4738975,62.6,1.54,4474.5717,0.886,16.2
Afghanistan,2003,56.7,0.01,11.08905273,13.4,8.82,198.7285436,0.373,6.5
Pakistan,2009,64.8,0.03,0.697215581,21.3,2.94,16.63999,0.514,7.3
Uruguay,2001,75.2,6.48,421.4804282,55.7,7.46,6281.37747,0.742,14.2
Mauritania,2007,61.2,0.02,7.35400072,25.5,3.54,113.3128,0.475,7.4
Serbia,2006,73.6,8.58,541.8243468,54.5,8.99,4129.758741,0.739,13.4
Sri Lanka,2002,73.7,1.62,59.63595674,15.1,3.89,873.1472436,0.699,12.6
Hungary,2008,74.1,11.64,181.7634078,6.5,7.33,15669.25929,0.812,15.3
Cambodia,2014,68.3,0.01,12.17952064,18.9,5.68,198.687123,0.553,10.9
Ecuador,2009,75.1,3.87,282.1440066,5.0,5.58,4255.56571,0.702,13.1
Cambodia,2001,58.5,1.71,27.68971051,12.4,5.7,321.22634,0.412,7.6
Ghana,2014,62.1,0.01,97.67794571,28.0,3.56,1432.227943,0.576,11.7
Tonga,2011,72.9,0.96,7.033980828,73.3,4.6,445.18866,0.712,14.4
Mali,2009,56.0,0.59,84.63438925,2.2,6.85,697.153124,0.385,7.1
Liberia,2002,56.0,4.27,10.424369,2.7,5.43,177.285187,0.376,10.4
Guinea,2013,58.8,0.01,5.140668848,22.2,5.49,54.169324,0.406,8.5
Thailand,2009,73.7,5.88,547.2101411,26.8,4.11,4212.5492,0.706,13.0
Ecuador,2001,73.4,4.13,14.5887403,44.3,3.86,193.741571,0.67,12.4
Bosnia and Herzegovina,2003,75.2,4.14,39.86518043,49.4,7.94,2214.732246,0.0,12.1
Brazil,2014,74.8,7.32,83.16465362,55.3,8.32,1226.61731,0.747,15.2
Gabon,2007,61.6,9.02,545.4389573,31.9,2.86,8352.81711,0.645,12.4
Cambodia,2000,57.7,1.51,0.328418056,12.1,5.87,3.685949,0.401,7.2
Mauritania,2001,61.0,0.01,28.782245,21.7,4.34,464.229758,0.444,6.5
Uzbekistan,2005,67.3,1.78,40.13342094,37.5,5.11,546.776852,0.62,11.7
Ecuador,2011,75.3,3.99,344.7412164,51.4,5.92,5223.351763,0.71,13.2
Montenegro,2004,73.5,0.01,57.12190146,55.0,8.45,338.199535,0.74,12.6
Cyprus,2005,78.7,11.41,1562.520827,55.3,6.37,25324.48666,0.826,13.5
Latvia,2010,72.8,9.8,1109.969508,58.9,6.55,11326.21947,0.815,16.0
Botswana,2002,46.0,6.41,6.3300072,31.1,6.47,355.618382,0.558,11.9
Iraq,2013,69.5,0.01,447.3695001,57.8,5.92,6925.22446,0.659,10.3
Cameroon,2006,53.3,5.22,0.962497052,23.8,4.69,12.989164,0.456,8.2
Bhutan,2002,62.5,0.29,151.9755193,14.9,7.75,885.6382245,0.0,8.0
Poland,2001,74.2,7.74,466.7383106,53.6,5.86,4981.198619,0.784,14.7
Luxembourg,2001,78.0,12.89,7877.33656,54.6,7.4,48179.4285,0.854,13.4
Hungary,2005,72.9,12.94,1317.08348,58.8,8.28,11161.72441,0.795,15.0
Italy,2006,81.2,8.44,473.1915451,58.8,8.82,3341.7482,0.856,16.0
Finland,2001,78.0,8.94,2775.33544,56.1,7.43,24913.24452,0.856,17.7
Maldives,2002,71.8,1.95,4.299053392,16.2,5.78,32.37239,0.597,12.0
Serbia,2008,74.0,9.54,96.33237912,55.8,1.5,671.773913,0.749,13.5
Bhutan,2005,65.0,0.73,145.5965445,16.7,5.28,1247.61392,0.0,9.2
Malta,2000,77.5,5.59,134.3547253,62.3,6.83,1139.5651,0.779,13.8
Maldives,2001,78.0,1.98,41.30688803,15.6,5.84,298.67598,0.587,11.8
Brazil,2009,73.6,7.33,564.5233902,51.1,8.65,8553.3847,0.714,13.8
Austria,2014,81.4,12.32,8350.193523,57.1,11.21,51322.63997,0.892,15.9
Chad,2014,52.6,0.01,11.3020668,18.7,3.62,125.998515,0.39,7.3
Papua New Guinea,2007,61.1,0.71,85.7175381,42.7,4.4,956.668952,0.461,8.6
Nepal,2014,69.6,0.01,8.523486403,18.5,5.8,76.2386977,0.551,12.4
Tajikistan,2003,65.2,0.36,13.25723997,32.5,4.46,236.314438,0.553,10.1
Ireland,2006,79.0,13.44,9126.931178,55.8,7.22,54326.9713,0.896,17.6
Ecuador,2010,75.0,3.95,367.9285652,5.7,5.9,4657.32361,0.703,13.1
Tunisia,2002,73.5,1.17,262.8184944,49.7,5.32,2346.5937,0.662,13.3
Seychelles,2014,73.0,0.01,151.1045552,36.2,3.37,1557.77892,0.766,13.2
Slovenia,2008,78.9,10.94,392.9588536,55.8,8.47,2751.8127,0.869,16.9
Suriname,2007,69.5,4.72,685.0299083,52.6,5.92,5761.39536,0.684,11.7
Seychelles,2005,72.2,7.82,21.4653132,3.1,3.91,1192.5174,0.712,12.1
Senegal,2004,59.7,0.35,66.02236299,19.1,5.68,733.581811,0.408,6.2
Sierra Leone,2002,48.0,4.06,36.59114895,17.9,11.96,249.939542,0.306,7.2
Hungary,2004,72.9,13.28,146.8608016,58.2,8.8,1259.5266,0.793,15.3
Malta,2011,87.0,6.91,3601.287457,68.0,9.6,22821.847,0.826,14.8
Algeria,2006,73.4,0.36,270.2401962,49.8,3.36,3464.6179,0.686,12.3
Namibia,2013,66.1,0.01,760.6550553,34.1,8.53,5488.131712,0.625,11.6
Mozambique,2004,54.0,1.54,46.58195631,18.1,5.91,336.3318145,0.332,7.0
Albania,2011,76.6,5.37,437.0621,55.1,5.71,4437.17868,0.738,13.3
Dominican Republic,2007,72.9,6.05,74.8217488,5.4,4.34,4647.31359,0.685,12.7
Lebanon,2008,74.5,1.67,69.13924862,62.5,8.7,712.775759,0.74,13.1
Kazakhstan,2012,69.1,6.82,235.3566066,5.6,4.32,12387.18982,0.774,14.7
Mozambique,2008,53.2,1.48,0.796915785,19.7,4.91,53.127719,0.372,8.8
Panama,2014,77.6,6.74,1842.463782,57.1,8.3,12593.7374,0.78,13.0
Azerbaijan,2010,71.1,1.98,246.5686008,48.0,5.33,5842.85784,0.737,11.7
France,2012,81.5,11.5,751.3793553,61.1,11.44,4838.2444,0.885,16.1
Trinidad and Tobago,2006,69.6,6.35,103.3710689,38.4,4.49,1495.96337,0.751,12.3
Bulgaria,2003,72.0,11.19,32.38616103,58.6,7.43,271.46824,0.729,12.9
Malaysia,2002,72.9,0.49,216.7029481,27.9,3.4,4167.364387,0.723,12.0
Ghana,2003,57.9,1.53,31.09435342,21.2,3.12,373.2815537,0.489,7.9
Paraguay,2011,73.4,5.79,472.1932825,47.1,9.42,3988.11894,0.675,12.3
Turkey,2011,74.5,1.53,1275.877569,62.8,5.29,11341.13395,0.737,13.8
Ukraine,2003,67.6,5.92,21.22386354,55.7,6.93,148.522488,0.691,14.3
Togo,2011,58.3,1.44,39.08258546,22.0,5.21,562.3393592,0.457,11.5
Ghana,2002,57.6,1.6,3.336437969,2.7,3.7,39.484473,0.484,7.6
Zimbabwe,2005,44.6,4.14,8.7174087,27.5,6.44,444.76575,0.406,9.3
Canada,2001,79.4,7.6,3665.089703,58.5,9.1,23691.59472,0.867,15.8
Hungary,2010,74.5,10.78,19.22023996,61.7,7.85,1325.53379,0.817,15.3
India,2011,66.8,3.0,64.6059005,16.4,4.33,1461.671957,0.58,10.8
Australia,2010,81.9,10.52,8875.786493,63.9,9.2,51874.848,0.927,19.5
Botswana,2010,61.1,5.99,547.0386679,35.2,5.64,6346.15624,0.669,12.3
Mexico,2012,76.3,5.29,112.696486,61.5,6.21,982.532572,0.748,12.7
Turkey,2007,73.2,1.26,115.5801103,59.3,6.4,979.49246,0.697,12.3
Zimbabwe,2009,50.0,4.64,1.040021112,29.0,6.26,65.824121,0.419,9.9
Equatorial Guinea,2006,54.8,7.28,827.5979335,2.5,2.13,12732.2759,0.569,9.0
Costa Rica,2002,78.3,4.17,112.9493745,47.3,8.23,462.14965,0.712,11.9
Russian Federation,2008,67.5,12.04,161.7301654,56.6,6.22,11635.2637,0.769,13.9
Bosnia and Herzegovina,2001,74.9,3.85,143.2947487,48.2,7.16,1524.41222,0.0,11.6
Kiribati,2001,64.3,0.6,59.97185848,68.8,9.0,734.9492461,0.0,10.4
India,2002,63.3,1.1,17.81205644,12.2,4.4,466.2842,0.499,8.4
Uzbekistan,2014,69.2,0.01,0.442802404,43.9,5.84,25.448414,0.69,12.1
Georgia,2011,73.9,8.14,198.94876,52.8,9.38,3725.63221,0.742,13.3
Lithuania,2005,78.0,12.3,913.699529,58.4,5.83,7863.1629,0.798,16.2
Benin,2006,56.8,1.19,75.91429496,21.0,4.75,625.8392,0.434,8.7
Djibouti,2000,57.4,1.34,91.95075901,28.2,5.75,768.176767,0.361,2.9
Guyana,2014,66.0,7.64,4.141293345,45.9,5.25,43.82321,0.636,10.3
Fiji,2012,69.4,0.01,431.4854874,6.2,4.16,4546.73854,0.714,14.9
Equatorial Guinea,2005,54.4,7.19,12.0661671,2.2,1.63,185.63334,0.563,8.7
Seychelles,2007,72.2,8.12,916.4741775,31.2,3.3,12154.82994,0.733,13.1
Togo,2002,54.7,1.0,1.995182912,17.5,4.7,28.832123,0.428,9.7
Burundi,2002,51.5,5.98,9.660010196,13.3,5.15,122.4335893,0.268,4.4
Romania,2013,74.6,9.59,1230.748231,59.2,5.6,9585.266593,0.794,14.7
Latvia,2012,73.8,10.21,1356.022164,59.8,5.91,13822.8559,0.812,15.5
Guatemala,2011,71.1,2.16,457.7745845,47.9,6.28,3187.845296,0.609,10.5
Malawi,2009,51.5,1.16,7.915071248,17.3,1.18,42.7379657,0.415,9.9
Bangladesh,2010,69.9,0.01,62.65945432,15.2,3.6,757.6717572,0.535,8.9
Turkmenistan,2006,63.7,2.71,29.27235366,41.3,2.9,2136.66815,0.0,10.4
Vanuatu,2008,75.0,1.18,345.339056,47.4,3.66,2697.961375,0.582,10.7
Thailand,2008,73.5,5.92,609.9511632,25.7,3.92,4378.68746,0.7,12.9
Ecuador,2008,74.6,3.76,197.9303077,49.3,5.66,4274.95265,0.698,13.0
Rwanda,2008,68.0,6.39,0.661540371,17.1,7.66,5.6687264,0.438,10.4
Kazakhstan,2001,64.4,5.75,12.60883976,44.4,3.47,149.926751,0.685,12.3
India,2014,68.0,3.07,86.52153895,18.1,4.69,1573.11889,0.607,11.6
Morocco,2009,72.3,0.62,188.2902861,52.7,5.67,2861.5545,0.596,10.5
Mauritania,2003,63.0,0.01,29.65370899,22.9,4.53,528.586613,0.447,6.6
Israel,2009,81.5,2.55,508.6645438,62.6,7.46,27795.87671,0.876,15.6
Denmark,2000,76.9,11.69,508.7496912,52.2,8.7,3743.55917,0.86,16.5
Hungary,2001,72.3,13.18,7.601092416,56.6,7.11,527.85364,0.769,14.2
Belgium,2006,79.4,10.98,5579.199083,6.6,9.17,38852.3613,0.865,15.7
Dominican Republic,2001,71.2,6.13,340.0239945,44.1,5.59,2862.154836,0.656,12.3
Cabo Verde,2003,71.1,4.16,209.0865,23.2,5.0,1768.92132,0.572,11.3
Comoros,2006,63.0,0.25,77.0283958,19.6,4.57,648.38717,0.451,9.9
Sierra Leone,2007,45.3,3.86,45.57108889,2.2,1.12,358.8274716,0.357,8.2
Sao Tome and Principe,2014,67.3,0.01,225.7307751,3.1,8.35,1821.878734,0.562,11.1
France,2008,89.0,11.9,7002.785925,59.1,1.57,45413.6571,0.877,16.1
Ukraine,2009,69.2,8.71,324.5491348,58.0,7.8,2545.48341,0.734,14.9
Luxembourg,2014,81.7,11.12,16255.16198,6.9,6.94,119172.7418,0.892,13.9
Ecuador,2005,74.2,3.54,18.09317114,47.2,5.87,321.942547,0.688,12.8
Nigeria,2001,47.4,9.58,15.830985,17.3,3.25,351.7996666,0.0,8.0
Belgium,2002,78.0,11.29,320.3177664,59.0,8.46,2552.3328,0.875,18.8
Albania,2012,76.9,5.14,412.4433563,55.8,5.59,4247.61438,0.752,14.2
Chile,2004,78.0,6.32,78.78564878,56.8,6.93,621.828325,0.781,14.3
Portugal,2014,89.0,9.88,271.2545531,6.9,9.5,2277.53613,0.837,16.8
Denmark,2003,77.3,11.54,650.9813544,53.9,9.51,4458.7764,0.882,16.3
Samoa,2012,73.2,0.01,492.0552263,73.4,5.2,4234.554443,0.698,12.9
Colombia,2003,72.4,4.25,417.8038898,49.0,5.92,2246.257472,0.659,11.6
Zimbabwe,2000,46.0,1.68,0.0,25.5,7.1,547.3588785,0.434,9.8
Spain,2004,81.0,11.96,3715.370095,59.9,8.5,24918.64584,0.833,15.6
Haiti,2002,59.3,6.1,50.28558223,35.6,5.47,393.16327,0.444,8.0
Paraguay,2013,73.8,5.03,573.4346982,48.6,1.49,4479.95858,0.679,12.3
Zambia,2009,57.4,2.3,143.8698873,2.2,4.73,1139.11233,0.518,11.6
Latvia,2005,76.0,9.92,86.9255399,57.0,6.37,7558.7426,0.791,15.9
Malta,2009,82.0,7.38,335.5180568,67.1,8.33,2675.58259,0.815,14.4
Pakistan,2003,63.5,0.01,24.23455671,17.9,2.61,563.594342,0.465,5.6
Finland,2011,83.0,9.81,71.01620838,6.6,9.1,579.72415,0.878,16.9
Ukraine,2012,77.0,8.44,453.7830847,59.6,7.47,3855.42128,0.739,15.1
Maldives,2014,78.2,0.01,2051.748615,26.2,13.73,7716.2415,0.693,12.7
Gabon,2003,59.7,6.47,352.232365,29.8,3.48,4892.11618,0.638,12.3
Albania,2004,73.0,4.54,221.8428,48.9,6.38,2416.588235,0.681,10.9
Paraguay,2001,71.2,6.66,233.8488603,39.8,7.61,1417.26582,0.624,11.8
Japan,2000,81.1,7.97,5926.296654,22.2,7.53,38532.488,0.852,14.5
Argentina,2004,74.7,7.63,719.3663797,56.3,6.84,4251.574348,0.775,16.3
Trinidad and Tobago,2010,74.0,6.5,1389.772683,42.0,5.29,16683.94578,0.772,12.5
Sri Lanka,2008,72.3,2.1,17.81424344,18.5,3.44,254.489192,0.731,13.3
Zambia,2013,63.0,2.41,20.62306285,22.3,4.99,185.793359,0.565,12.5
South Africa,2010,58.0,7.28,1038.885632,47.2,8.5,7362.76139,0.63,12.8
Burkina Faso,2003,51.6,4.58,41.60951275,13.3,5.61,332.344351,0.0,3.8
Equatorial Guinea,2000,52.7,4.46,14.95451321,18.3,2.73,172.68491,0.0,0.0
Ethiopia,2011,62.6,1.32,67.77565369,16.0,6.55,354.8463544,0.411,8.2
Benin,2010,58.7,1.33,94.25737917,23.0,4.95,757.695974,0.451,9.5
Guyana,2008,66.3,7.32,493.3279293,4.9,7.46,2576.124957,0.618,10.7
Canada,2003,79.7,7.7,4687.845565,6.0,9.54,28172.14883,0.877,15.8
Pakistan,2006,64.2,0.03,40.36829999,19.5,3.4,873.772727,0.501,6.5
Chad,2007,49.4,0.42,5.962923532,16.1,3.35,81.683884,0.306,5.7
Latvia,2011,73.6,10.14,24.70841046,59.4,6.1,1372.68947,0.81,15.8
Central African Republic,2008,47.6,1.52,67.34137528,19.4,4.3,456.8614334,0.338,6.3
Angola,2012,56.0,8.24,256.1225243,21.5,3.3,4598.249988,0.508,10.3
Turkey,2001,78.0,1.49,256.4341746,54.3,5.16,3119.63716,0.653,11.1
Montenegro,2012,75.6,0.01,648.1331781,6.2,7.25,6586.71929,0.797,15.1
Ukraine,2007,67.5,8.86,46.19685449,57.2,6.36,368.68998,0.723,14.8
Panama,2000,75.7,5.58,9.87102142,45.9,7.76,46.29935,0.716,12.1
Albania,2010,76.2,5.28,41.82275719,54.3,5.34,494.358832,0.725,12.5
Angola,2007,48.2,6.35,184.8213446,18.8,3.38,2878.837144,0.454,7.7
Estonia,2002,71.2,11.48,7.806042825,54.6,4.84,538.347781,0.791,15.4
Belize,2013,69.8,6.56,629.2018591,49.3,5.79,4688.538443,0.706,12.9
Djibouti,2003,58.0,1.02,94.13302875,29.4,6.22,819.974118,0.378,3.5
Croatia,2003,74.7,13.78,93.67706503,56.3,6.35,785.881418,0.765,12.9
Nigeria,2002,47.7,9.61,17.137754,17.8,2.43,459.4572117,0.0,7.7
Russian Federation,2013,70.0,10.58,1529.497771,59.3,7.9,15543.67653,0.799,14.6
Sweden,2008,81.1,6.9,8105.590882,56.5,9.23,55746.84238,0.897,15.7
Iceland,2005,81.0,7.05,10631.20379,56.9,9.21,56249.7555,0.879,17.9
Syrian Arab Republic,2007,73.8,0.83,17.98136184,49.4,3.72,258.3529,0.644,11.5
Vanuatu,2012,71.4,0.01,427.9885222,5.8,3.7,3158.58688,0.592,10.8
El Salvador,2014,73.3,2.52,665.7260253,55.4,6.77,3988.771871,0.676,13.2
Mongolia,2011,67.3,0.01,257.8403154,48.0,4.45,3769.595255,0.701,14.6
China,2002,72.7,2.91,106.3590358,21.9,4.79,1148.5857,0.6,9.7
Kenya,2002,52.1,1.66,32.73674134,15.1,4.54,395.8493511,0.451,8.5
Guatemala,2003,69.4,2.45,249.3262948,42.4,6.88,1753.349471,0.56,9.0
Switzerland,2006,81.5,10.24,10598.08187,53.7,1.39,57348.92788,0.904,15.2
Jordan,2000,71.7,0.49,227.296617,54.0,9.65,1657.889256,0.7,12.6
Mozambique,2003,51.0,1.68,42.52689559,17.7,6.39,283.8911588,0.318,6.7
Comoros,2000,59.5,0.09,35.02948624,17.3,3.56,375.8528566,0.0,8.2
Mauritius,2004,71.9,4.16,509.3899943,27.5,4.29,5229.876738,0.696,12.8
Togo,2005,55.0,1.14,36.62174288,18.9,5.17,372.1721837,0.435,10.1
El Salvador,2006,75.0,2.77,57.74562629,5.1,6.68,362.951768,0.651,12.9
Bosnia and Herzegovina,2000,74.6,3.64,165.6168642,47.6,7.9,1461.7552,0.0,0.0
Benin,2007,57.1,1.12,7.49281752,21.5,4.55,76.535419,0.438,8.9
Greece,2004,79.2,9.56,287.6124519,59.9,8.3,21955.149,0.83,15.3
Mauritania,2014,63.0,0.01,80.92679802,3.1,3.77,1326.66882,0.509,8.5
Austria,2012,88.0,12.26,7878.372355,56.1,11.17,48333.57273,0.884,15.7
Chile,2007,78.9,7.39,209.4875875,58.7,6.35,1526.87746,0.797,14.8
Poland,2006,75.2,10.4,9.1455559,56.0,6.17,94.7726,0.803,15.0
Maldives,2009,76.3,1.59,100.503021,21.2,9.22,597.1659,0.651,11.8
Jordan,2009,73.3,0.59,668.7447334,6.9,9.54,3492.1396,0.742,13.6
Ireland,2010,86.0,11.88,4509.234803,58.9,8.76,48538.58776,0.907,18.2
Netherlands,2012,81.1,9.05,1162.656768,6.5,11.1,49474.7561,0.921,18.1
Suriname,2000,67.4,4.29,268.1837972,47.6,9.65,1888.61829,0.0,11.1
Cambodia,2012,67.4,0.01,6.914723983,17.6,6.24,95.244132,0.54,10.7
Ethiopia,2005,56.0,0.99,18.03753133,13.8,4.2,161.6266248,0.325,5.8
Cabo Verde,2005,71.8,4.26,3.349816965,24.3,4.86,248.13459,0.582,11.2
Slovenia,2005,77.5,11.14,2503.714258,54.1,8.5,18169.1891,0.853,16.3
Seychelles,2006,72.2,8.12,102.373909,3.7,3.73,1214.39987,0.728,13.1
Azerbaijan,2003,67.8,0.55,42.41491183,43.6,6.56,883.6439965,0.659,10.8
Madagascar,2012,64.3,0.87,59.97914461,19.0,3.46,443.9611,0.506,10.2
Australia,2007,81.3,10.56,872.5986092,62.5,8.53,4991.98289,0.918,19.0
Greece,2014,88.0,7.53,2163.043414,66.0,8.8,21673.7817,0.862,17.2
Kiribati,2014,66.1,0.01,97.87193319,77.1,1.21,1684.54274,0.597,11.9
Cameroon,2000,51.4,3.91,4.720593531,2.9,4.48,68.414399,0.433,6.9
Brazil,2001,71.0,7.13,149.4802091,44.5,7.19,3146.95177,0.685,14.3
Montenegro,2000,73.0,0.01,274.5472605,51.9,7.32,1627.42893,0.0,0.0
Jordan,2006,72.8,0.59,313.3626015,58.6,8.8,2537.349,0.733,13.7
Papua New Guinea,2009,61.6,0.82,20.53327531,44.2,4.36,1166.66337,0.477,9.2
Equatorial Guinea,2013,57.4,10.72,156.3907685,23.5,3.73,2246.9938,0.586,9.2
Japan,2006,82.4,7.49,6502.136974,24.9,8.19,35433.98896,0.873,14.9
Poland,2005,75.0,9.5,79.41502672,55.5,6.2,821.251569,0.797,14.8
Serbia,2010,74.4,9.65,774.4396617,57.0,1.9,5411.87744,0.755,13.6
Norway,2011,81.1,6.53,277.3550522,59.4,9.14,1574.9861,0.939,17.6
Chile,2002,77.8,6.06,675.7808443,55.4,6.48,4463.545867,0.768,13.9
Rwanda,2014,65.7,0.01,7.549797238,2.8,7.53,76.5699517,0.488,10.8
Belize,2010,69.5,6.76,569.9527122,47.0,5.85,4344.15177,0.7,12.4
Liberia,2010,59.7,3.64,41.91052416,24.5,11.87,327.42597,0.403,9.6
Poland,2013,77.1,11.63,23.43533487,6.4,6.4,1378.54911,0.838,15.4
Maldives,2010,76.7,1.83,91.13971812,22.1,7.93,633.79498,0.653,11.6
Norway,2007,85.0,6.6,14829.41215,57.5,8.58,85128.65759,0.934,17.6
Norway,2003,79.4,6.04,880.7380617,55.3,9.85,5111.65445,0.918,17.1
Benin,2009,58.4,1.16,71.01399249,22.5,4.46,793.45243,0.448,9.3
Guatemala,2012,71.3,2.02,484.7187892,48.6,6.33,3299.65139,0.616,10.6
Nicaragua,2005,71.2,3.7,218.5716179,46.4,6.11,1175.116225,0.592,11.0
Norway,2000,78.5,5.67,6191.211908,53.3,8.27,38146.71539,0.911,17.1
Nicaragua,2004,71.0,3.81,36.81621175,45.7,6.13,191.55157,0.587,11.0
Liberia,2006,56.7,4.05,15.79934152,22.4,1.9,178.92799,0.377,10.0
Bhutan,2003,63.3,0.52,19.15664091,15.5,4.9,997.7417141,0.0,8.4
Kenya,2004,53.0,1.43,36.29775249,15.9,4.29,458.8843551,0.461,8.9
Mauritius,2006,71.8,3.73,502.3844946,28.6,4.38,5695.969327,0.713,13.4
Lebanon,2006,74.1,1.82,534.5795695,61.4,8.83,5372.65899,0.733,13.2
Germany,2000,78.0,12.91,4238.540035,55.1,1.1,23718.7467,0.855,16.2